23.723602, 66.397614, Keisarinmaja Keisarinmja rakennettiin v.1882 metsästysmajaksi Venäjän keisari Aleksanteri II:n vierailua varten.,Aavasaksa
22.610528, 61.331111, Aurajärvi Kunnan rantasuna uimaranta  nuotiopaikka,Äetsä 
22.89925, 61.246028, Ylistenjärvi Nuotiopaikka ja uimaranta,Äetsä 
19.844066, 60.384122," Geta-vuori (Getaberget) Ahvenanmaan toiseksi korkein ""vuori"". Huipulla myös kahvila. Autolla pääsee perille asti.",Ahenanmaa
24.14592, 62.58032, Koppelosalmen Tulipaikka Koppelosalmen Tulipaikka,Ähtäri 
25.745234, 61.005557, Herrasmannin lähde,Ahtiala 
25.800321, 60.998322, Rahkan lähde ,Ahtiala 
23.37803, 62.09338, Tervaniemen Tulipaikka Tervaniemen Tulipaikka,Äijälä 
24.15618, 67.55477, Tunturijärven Laavu Ylläs Tunturijärven Laavu Ylläs,Äkäslompolo 
24.25273, 67.61647, Tahkokurun Laavu Tahkokurun Laavu,Äkäslompolo 
24.25464, 67.633, Hangaskurun Laavu Hangaskurun Laavu,Äkäslompolo 
24.25493, 67.59914, Kesänkijärven Laavu Kesänkijärven Laavu,Äkäslompolo 
24.27776, 67.56232, Kahvikeitaan Laavu Ylläs Kahvikeitaan Laavu Ylläs,Äkäslompolo 
24.30584, 67.56346, Ojanlatvan Laavu Ojanlatvan Laavu,Äkäslompolo 
23.532353, 62.953205, Menkijärven puolustuslinja Viime sotien aikaisen mallin mukaan rakennettu puolustuslinja. Alueella on kolme korsua  taisteluhautaa n. 200m erilaisia piikkilankaesteit,Alajärvi 
28.36337, 63.4839, Keyritynjoen Tulipaikka Keyritynjoen Tulipaikka,Alakeyritty 
19.91835, 60.26957, Pålsbölen Storberget lintutorni ,Åland Finström 
25.18902, 65.82955, Pikkujärven Laavu Pikkujärven Laavu,Alaniemi 
23.533938, 62.564372, Okskota hieno laavu/kota Okslammen rannalla,Alavus
22.86284, 62.18627, Alkkialammen  Laavu 2 Alkkialammen  Laavu 2,Alkkia 
25.692443, 60.929347, Ämmäläntien lähde    3429267,Ämmälä 
28.1032, 63.50869, Haataniemen Laavu Haataniemen Laavu,Angervikko 
28.11582, 63.46774, Näätähiekan Tulipaikka 1 Näätähiekan Tulipaikka 1,Angervikko 
28.129, 63.50592, Rouskunhiekan Tulipaikka Rouskunhiekan Tulipaikka,Angervikko 
26.92663, 60.66563, Inkeroisten Ladun kota Kota ja laavu  tulisijat,Anjalankoski 
24.38695, 64.5965, Haapajoen Laavu Haapajoen laavu Siniluodon Hietanokalla lahden rannassa.,Arkkukari 
26.13495, 61.03549, Kymijoen Tulipaikka Kymijoen Tulipaikka,Arrajärvi 
26.066624, 60.752189, Säyhteen lintutorni 2,Artjärvi
25.593982, 60.581213, Askolan hiidenkirnut Suomen laajin hiidenkirnu alue (n. 20 hiidenkirnua),Askola 
27.86173, 62.88006, Niittylahden Laavu Niittylahden Laavu,Asuma 
27.86787, 62.87029, Mustalahden Tulipaikka Mustalahden Tulipaikka,Asuma 
22.59407, 60.657242, Koskipirtti -perinnemiljöö Aurajokilaakson kansallismaisemassa. ,Aura
25.16307, 61.23986, Sorsakolun laavu tästä matkaa n 450m ,Auttoinen 
25.16607, 61.24183, Vaarinkorpi laavu  voi yöpyä perille autolla ja mp:llä ,Auttoinen 
25.17081, 61.23796, Sorsakolun laavu kävely matkaa n 450m Sorsakolun laavu kävely matkaa n 450m,Auttoinen 
20.243661, 60.211872, Bomarsundin museo. Avoinna kesällä.,Bomarsund
19.540172, 60.219366," Eckerön posti ja tullitalo, rakennettu 1828.",Eckerö
30.79029, 62.50502, Eimisjärven Laavu Eimisjärven Laavu,Eimisjärvi 
23.70817, 68.349, Pyhäkeron Tulipaikka Pallas Pyhäkeron Tulipaikka Pallas,Enodak 
24.12918, 61.70153, Valkeajärven Tulipaikka Valkeajärven Tulipaikka,Enokunta 
24.14942, 61.69146, Vähämusturin Tulipaikka Vähämusturin Tulipaikka,Enokunta 
24.14982, 61.69488, Pukalanjärven kansallispuisto nuotiopaikka ,Enokunta 
24.17028, 61.68071, Pukalajärven laavu (ronimaa) voi yöpyä kävelyä n 700m ,Enokunta 
24.17044, 61.67591, Pukalajärven Laavu 1 Pukalajärven Laavu 1,Enokunta 
22.105514, 68.486069, Järämän linnoitusalue Alueella on useita entisöityjä korsuja  taisteluhautoja  museorakennus sekä kahvila.,Enontekiö 
30.00917, 62.83306, Urkkalammin Laavu Urkkalammin Laavu,Eskelä 
24.60087, 60.294901, Valkialampi Paikalla on vain nuotiopaikka  ei puita.,Espoo 
24.617222, 60.158056, Porkkalan palautuksen muistomerkki ,Espoo 
24.667298, 60.274831, Espoon Automuseo Puh. +358,Espoo 
24.691118, 60.138048, Kaitalahden lintutorni Espoossa  korkeus 4 5m 1,Espoo 
24.7184, 60.1512, Suomenojan eteläinen lintutorni Espoossa  korkeus 3  1,Espoo 
24.7223, 60.1528, Suomenojan itäinen lintutorni Espoossa  korkeus 3m 1,Espoo 
24.824, 60.1998, Villa Elfvikin lintutorni Espoossa  2-tasoinen ,Espoo 
25.11465, 61.22028, Valkean Mustajärven Tulipaikka Valkean Mustajärven Tulipaikka,Evo 
25.12095, 61.22079, Valkean Mustajärven Laavu Valkean Mustajärven Laavu,Evo 
25.14257, 61.19416, Syrjänalusen Tulipaikka Syrjänalusen Tulipaikka,Evo 
20.01386, 60.237207, Näköalakahvila Uffe på berget Kahvilan vieressä on yli 30m korkea näköalatorni.,Finström 
23.544444, 60.13, Fiskarsin ruukki Vanha ruukkialue  Ravintola jne.,Fiskars 
30.47843, 62.44641, Oskolankosken Laavu Oskolankosken Laavu,Haapaloso 
30.05704, 62.71652, Kukkolan Tulipaikka Kukkolan Tulipaikka,Haapavirta 
24.7768, 63.36091, Sääksjärven Laavu Sääksjärven Laavu,Hakkaraniemi 
24.83029, 63.24431, Teerisaaren Tulipaikka Teerisaaren Tulipaikka,Hakkaraniemi 
24.55508, 61.42885, Verkkojärven laavu voi yöpyä kävelyä n 100m ,Haltia 
24.448143, 60.968501, Hattelmalanjärven lintutorni 1 tasoinen  katettu,Hämeenlinna 
28.91794, 62.20785, Lohilahden Läntinen Tulipaikka Lohilahden Läntinen Tulipaikka,Hanhijärvi 
23.0764, 59.8434," Täktomin lintutorni 1-tasoinen, korkea",Hanko
22.89438, 59.8115, Lintuasema Halias ,Hanko 
23.160087, 59.836618, Svanvikin lintutorni Korkeus 3m 1,Hanko 
28.03072, 62.26551, Joenmäen Laavu Joenmäen Laavu,Harjuranta 
30.66613, 62.41361, Kalliokosken Laavu Kalliokosken Laavu,Hartiavaara 
23.40491, 63.49694, Puontiolahden Laavu Puontiolahden Laavu,Hästbacka 
29.85148, 63.13559, Hiekkasaarten Tulipaikka 2 Hiekkasaarten Tulipaikka 2,Hattusaari 
30.09715, 63.57193, Änäkäisen Tulipaikka E Änäkäisen Tulipaikka E,Hattuselkonen 
23.74211, 62.07421, Ahvenjärven Tulipaikka Ahvenjärven Tulipaikka,Haukkamaa 
23.78197, 62.02296, Heinälahden Tulipaikka Heinälahden Tulipaikka,Haukkamaa 
24.65841, 62.1955, Hinkankannakkeen Tulipaikka Hinkankannakkeen Tulipaikka,Heinäskylä 
25.729944, 61.024559, Takkulan lähde       3431506,Heinlampi 
26.02164, 61.23065, Saittalahden Tulipaikka Saittalahden Tulipaikka,Heinola 
26.047297, 61.185769, Heinola Koskensaari Tie lähes perille saakka. Puomilta kävelyä n. 200m,Heinola 
26.057296, 61.205537, Heinola Maitiaislahti ,Heinola 
24.14647, 65.7801, Prännin Laavu Prännin Laavu,Hellälä 
24.930816, 60.157239, Helsingin Automuseo puh. (09) 667 123,Helsinki 
24.98725, 60.140889, Rannikkotykistömuseo Suomenlinnassa,Helsinki 
24.989556, 60.142694, Vesikko sukellusvene Museo Suomenlinnassa,Helsinki 
25.003287, 60.218837, Keinumäen lintutorni 2-tasoinen,Helsinki 
25.003869, 60.238839, Pihlajamäen hiidenkirnut Suomen vanhimmat  2 kpl,Helsinki 
29.9176, 63.03474, Pitkälammen Tulipaikka Pitkälammen Tulipaikka,Heraniemi 
29.92417, 62.98567, Ilmolanlahden Laavu Ilmolanlahden Laavu,Heraniemi 
29.93066, 62.99444, Apajalahden Tulipaikka Apajalahden Tulipaikka,Heraniemi 
29.93185, 63.04581, Laitosaaren Tulipaikka 2 Laitosaaren Tulipaikka 2,Heraniemi 
29.93268, 63.049, Laitosaaren Tulipaikka 3 Laitosaaren Tulipaikka 3,Heraniemi 
29.93835, 63.04385, Laitosaaren Tulipaikka 1 Laitosaaren Tulipaikka 1,Heraniemi 
23.718972, 62.266686, Herraskosken laavu ,Herranen 
23.9062, 61.394, Vähäriutan laavu voi yöpyä hyvä tie perille mutta puomi tästä matkaa noin 1 2km ,Hervanta 
25.822587, 61.021944, Haukiojan lähde      3436509,Hiekkanummi 
25.832326, 61.005047, Sarvisuonojan lähde  3437002,Hiekkanummi 
22.18572, 68.76513, Neuhkaman Laavu Neuhkaman Laavu,Hirvasvuopio 
22.2392, 68.68948, Saitsikosken Tulipaikka Saitsikosken Tulipaikka,Hirvasvuopio 
28.82473, 63.06055, Rakkinekosken Tulipaikka Rakkinekosken Tulipaikka,Hovi 
23.67877, 63.54014, Roskakallion Laavu Roskakallion Laavu,Hunttus 
23.76897, 63.53065, Isoharjun Laavu Isoharjun Laavu,Hunttus 
25.5278, 63.04583, Huopanankosken Tulipaikka Huopanankosken Tulipaikka,Huopanankoski 
25.59125, 61.97056, Kiviönniemen laavu Korpilahti voi yöpyä kävelyä n 200m Kiviönniemen laavu Korpilahti voi yöpyä kävelyä n 200m,Hyrkkölä 
24.9916, 60.6498, Ridasjärven lintutorni Korkeus 6m,Hyvinkää
25.03132, 60.589868," Kaukaksen pikkukoski, 2006 valmistunut lohiporras ",Hyvinkää 
24.21076, 61.78822, Kirvesjärven Laavu Kirvesjärven Laavu,Hyytiälä 
24.21611, 61.78931, Kirvesjärven laavu kävelyä n:400m voi yöpyä ,Hyytiälä 
25.335846, 65.351736, Hiastinlahden lintutorni ,Ii 
26.339378, 64.106114, Piippola,Iisalmi
23.025359, 61.774691,Ti-Ti Nallen koti Puh. +35834512039 tai +358405800073,Ikaalinen
28.772118, 61.168787, Imatrankoski Koskin,Imatra 
27.013581, 68.91095, Saamelaismuseo (Siida) Siidassa toimii sekä saamelaismuseo että Ylä-Lapin luontokeskus,Inari 
27.315892, 68.815783, Karhunpesäkivi Matkamuistomyymälä  kahvio,Inari 
24.202778, 61.829722, Siikanevan pitkospuut ,Jäminkipohja 
24.71565, 63.26852, Salmajärven puiston Tulipaikka Salmajärven puiston Tulipaikka,Jänkä 
24.73946, 63.25726, Tavilammin Tulipaikka Tavilammin Tulipaikka,Jänkä 
24.81217, 63.25301, Koirasaaren Tulipaikka Koirasaaren Tulipaikka,Jänkä 
24.81991, 63.23724, Koirasalmen Tulipaikka Koirasalmen Tulipaikka,Jänkä 
24.040146, 62.279882, Kituskoskenkota ,Järviskylä 
29.79105, 62.68871, Jaamanankaan laavu ,Joensuu 
23.438344, 60.861778, Jokioisten museorautatie ja kapearaidemuseo http://www.jokioistenmuseorautatie.fi/,Jokioinen  Kiipuntie 49 (Minkiö) 
19.8134, 60.1055, Kungsöbergenin lintutorni ,Jomala  Ahvenanmaa 
19.8994, 60.1083, Torpfjärdenin lintutorni Korkeus 9m,Jomala Ahvenanmaa
25.690376, 60.986411, Purokadun lähde,Joutjärvi 
25.693717, 60.990985, Palolammen lähde,Joutjärvi 
25.69819, 60.97244, Pekanmäen lähde,Joutjärvi 
25.724501, 60.981811, Tonttilan lähde,Joutjärvi 
25.734041, 60.968608, Mäkirinteen lähde,Joutjärvi 
23.4873, 61.85926, Juhtimäki Virkistys/kalastuspaikka grillaus mahdollisuus ei virallista laavua ,Juhtimäki 
22.14843, 62.645756, Kota ,Juonenkylä 
22.153401, 62.642241, Laavu ,Juonenkylä 
22.73312, 61.75923, Laavu ei nimeä voi yöpyä perille autolla ja mp:llä ,Jylli 
22.74894, 61.76781, Niiniharjun Laavu Niiniharjun Laavu,Jylli 
22.78109, 61.75933, Pirkan laavu voi yöpyä perille pääsee autolla ja mp:lla ,Jylli 
22.78689, 61.77066, Koivistonvatin laavu voi yöpyä ,Jylli 
22.7877, 61.76698, Koivistonharjun Laavu Koivistonharjun Laavu,Jylli 
22.794722, 61.840556, Leirikoulu laavu voi yöpyä kävelyä n 100m ,Jylli 
27.77488, 63.75811, Kiukoonjärven Tulipaikka Kiukoonjärven Tulipaikka,Jyrkkä 
27.77833, 63.73757, Oijinniemen Tulipaikka Oijinniemen Tulipaikka,Jyrkkä 
27.82819, 63.74737, Volokinpolun Tulipaikka Volokinpolun Tulipaikka,Jyrkkä 
25.84841, 62.23372, Haapalahden Tulipaikka Haapalahden Tulipaikka,Jyskä 
25.74501, 62.240482, Tuomiokirkko ,Jyväskylä 
22.460836, 60.393947, Kuusistonlahden lintutorni,Kaarina
23.64548, 61.90384, Koukerinvuoren Laavu Koukerinvuoren Laavu,Kaidankylä 
28.83107, 63.09187, Makkarasärkän Tulipaikka Makkarasärkän Tulipaikka,Kajoo 
23.929663, 64.266947, Plassi Vanhoja puutaloja,Kalajoki 
24.059144, 64.201299, Tyngän mylly Kahvio  kauppa ja koski,Kalajoki 
29.85206, 63.13198, Hiekkasaarten Tulipaikka 1 Hiekkasaarten Tulipaikka 1,Kali 
26.25988, 64.03547, Matinsaaren Tulipaikka Matinsaaren Tulipaikka,Kamula 
27.81549, 62.80502, Kakssalmisten Tulipaikka Kakssalmisten Tulipaikka,Kangasaho 
27.83046, 62.8091, Kumpusaaren Tulipaikka Kumpusaaren Tulipaikka,Kangasaho 
28.09962, 63.42595, Huuhkajaniemen Laavu Huuhkajaniemen Laavu,Kangaslahti 
28.10135, 63.44354, Vongankosken Laavu Vongankosken Laavu,Kangaslahti 
25.58911, 61.34276, Kantolan Laavu Kantolan Laavu,Karilanmaa 
25.744694, 60.960702, Kolavan lähde,Karisto 
25.764475, 60.96189, Kankaanpääntien lähde,Karisto 
25.76777, 60.961193, Kaijan lähde,Karisto 
25.77813, 60.960623, Huikontien lähde,Karisto 
23.6469, 60.0464, Läppträsketin/Pelikaanitorni uusi lintutorni  Korkeus 3m,Karjaa 
23.6544, 60.0501, Läppträsketin vanha lintutorni Korkeus 7m,Karjaa 
23.77562, 61.89764, Sahakosken Laavu,Karjula 
25.92915, 63.1701, Kärnän Tulipaikka ,Kärnä 
24.822999, 62.910512, Wanhat Wehkeet automuseo Puh. 0400 542 029,Karstula 
24.8587, 62.9086,Iso-korppisen lintutorni 1-tasoinen,Karstula 
30.6691, 62.46122, Myllykosken Laavu,Kattila
22.44516, 62.19649, Pitkäsalonmaan Tulipaikka Pitkäsalonmaan Tulipaikka,Kauhakorpi 
22.45647, 62.182999, Kota Tieltä oikeelle punanen peltiviitta ja sit postilaatikko montun tienhaarassa. paikka suunnilleen,Kauhakorpi 
26.225485, 63.147943, Hetejärvi/läntinen lintutorni ,Keitele 
26.244972, 63.149179, Hetejärvi/itäinen  Saunaniemen lintutorni ,Keitele 
24.548693, 65.791024, voimalaitos jossa kalaportaat ,kemi 
24.549467, 65.790784, Isohaara Vesivoimalaitos  missä lohiportaat kaikkien nähtävillä,Kemi 
24.552715, 65.731275, Lumilinna Talvella koordinaatin paikkeille rakennetaan lumilinna  minkä ympäristössä useita kauppoja.,Kemi 
24.558989, 65.735189, Kauppatori Torilla järjestetään aina silloin tällöin markkinoita.,Kemi 
24.562415, 65.732343, Kirkko Kemin keskustassa oleva kirkko.,Kemi 
24.57037, 65.735264, Kaupungintalo Kaupungintalon katolla on kahvila  mistä mahtavat näköalat koko kemin alueelle. Kannattaa käydä katsomassa.,Kemi 
22.61519, 60.06018, Galtarbyviken lintutorni ,Kemiönsaari 
23.94553, 68.21835, Haukkajärven Tulipaikka Haukkajärven Tulipaikka,Ketomella 
23.99373, 68.18567, Suaskurun Laavu Pallas Suaskurun Laavu Pallas,Ketomella 
31.09106, 62.64006, Syväpohjan Laavu Syväpohjan Laavu,Kettala 
28.4954, 63.53038, Partasen Laavu Partasen Laavu,Kettulanmäki 
28.50412, 63.53054, Saarisen Tulipaikka Saarisen Tulipaikka,Kettulanmäki 
28.57744, 63.57501, Keyritynniemen Laavu Keyritynniemen Laavu,Kettulanmäki 
24.311667, 60.095278, Neuvostoriemukaari Porkkalan vuokrauksen ajalta. Entis,Kirkkonummi 
24.4441, 59.9888, Porkkala  Sundsin lintutorni Korkeus 11m 2,Kirkkonummi 
28.04794, 62.74952, Luukaarteen Laavu Luukaarteen Laavu,Kirnumäki 
23.76829, 61.98, Karhukosken laavu kävelyä n 200m voi yöpyä ,Kitunen 
23.77194, 61.98136, Karhukosken Laavu Kuru Karhukosken Laavu Kuru,Kitunen 
27.80375, 62.77624,Koistin tulipaikka,Soikelo
22.556841, 61.275721, Puurijärven lintutorni Korkeus 18m 1,Kokemäki 
30.7827, 62.44621, Oskolan Laavu Oskolan Laavu,Kokinvaara 
30.89234, 62.44641, Kypäräpuron Laavu Kypäräpuron Laavu,Kokinvaara 
25.95746, 63.18991, Rahajan Tulipaikka L Rahajan Tulipaikka L,Kolima 
25.96434, 63.18917, Rahajan Tulipaikka E Rahajan Tulipaikka E,Kolima 
25.97049, 63.19667, Selkäsaaren Tulipaikka Selkäsaaren Tulipaikka,Kolima 
29.868889, 62.735278, Kajaanintien alitus  Junanradan vieress,Kontiolahti 
29.7592, 62.77957, Jouhtenisen Tulipaikka Eteläinen Jouhtenisen Tulipaikka Eteläinen,Kontioniemi 
29.76808, 62.7837, Jouhtenisen Tulipaikka Itäinen Jouhtenisen Tulipaikka Itäinen,Kontioniemi 
22.7172, 61.7778, Hannan kota tästä n 200m en tiedä onko yöpymis mahdollisuus ,Kontti 
22.71733, 61.77004, Jämin Jukolan Laavu Jämin Jukolan Laavu,Kontti 
22.72067, 61.77726, Soininharjun Laavu Soininharjun Laavu,Kontti 
22.7529, 61.77655, Ronjan Tulipaikka Ronjan Tulipaikka,Kontti 
28.90396, 62.88645, Syrjäjoen Tulipaikka Syrjäjoen Tulipaikka,Kopola 
23.660989, 62.221396, Nurminiemen laavu tästä lähtee polku laavulle. Kävelyä muutama sata metriä,Koro 
23.66279, 62.21971, Nurminiemen Tulipaikka Nurminiemen Tulipaikka,Koro 
23.71049, 62.18545, Selänpään Tulipaikka Selänpään Tulipaikka,Koro 
28.77068, 63.05166, Vääräkosken Tulipaikka Vääräkosken Tulipaikka,Kortteinen 
26.950278, 60.460833, Maretarium Maretarium on vuonna 2002 perustettu akvaariotalo Kotkan Sapokassa. ,Kotka 
24.00625, 63.92661, Silmäjärven Laavu Silmäjärven Laavu,Koutonen 
21.292718, 62.013906, Siipyyn lintutorni Korkeus 15m 1,Kristiinankaupunki 
27.46062, 65.12585, Rahasuon Tulipaikka Rahasuon Tulipaikka,Kumina 
22.53124, 61.77951, Kuninkaanlähteen Tulipaikka Kuninkaanlähteen Tulipaikka,Kuninkaanlähde 
27.548333, 62.912778, Kaijansaaren laavu Huussi,Kuopio 
27.669369, 62.896278, Kuopion Automuseo Puhelin: (017) 282 0550,Kuopio 
27.672309, 62.892406, Pikku-Pietarin torikuja,Kuopio 
27.678273, 62.89247, Kuopion tori ,Kuopio 
27.685267, 62.889051, Kuopion Korttelimuseo Entisajan puutalokortteli Kuopion keskustassa,Kuopio 
27.09691, 64.01052, Patalammin Laavu Patalammin Laavu,Kuoremäki 
29.327955, 66.368049, Kiutaköngäs  Oulangan kansallispuisto  Kuusamo Oulankajoella,Kuusamo 
22.76836, 61.89531, Ahvenlamminmaaston Tulipaikka Ahvenlamminmaaston Tulipaikka,Kuusijoki 
25.96578, 63.11933, Alakosken Tulipaikka Alakosken Tulipaikka,Kyminkoski 
23.22627, 61.66832, Pajalan kota pystyy yöpymään perille moottoripyörällä ja autolla ,Kyröskoski 
28.78657, 63.46818, Raesärkän Tulipaikka Raesärkän Tulipaikka,Lahola 
28.92602, 62.77421, Välijärven Laavu Välijärven Laavu,Lähtevä 
28.9336, 62.76962, Ravijärven Laavu Ravijärven Laavu,Lähtevä 
28.94027, 62.76295, Isosaaren Laavu Valkeinen Isosaaren Laavu Valkeinen,Lähtevä 
28.94216, 62.75984, Valkeisen Laavu Valkeisen Laavu,Lähtevä 
28.94291, 62.76176, Valkeisen Tulipaikka Valkeisen Tulipaikka,Lähtevä 
28.94526, 62.759, Mustanlammin Laavu Mustanlammin Laavu,Lähtevä 
25.688739, 61.014623, Merrasjärven laavu 2 laavua vastakkain  aivan rannan tuntumassa.,Lahti 
22.86284, 62.16627, Alkkialammen Laavu 1 Alkkialammen Laavu 1,Lahtinen 
24.57204, 65.70066, Syväleton Laavu Syväleton Laavu,Laitakari 
24.59092, 65.71032, Juurakon Laavu Juurakon Laavu,Laitakari 
24.3522, 61.25263, Heikkilän Juustotila Heikkilän Juustotila,Laitikkala 
21.633644, 60.908139, Untamalan kotiseutumuseo Untamalan kotiseutumuseo  Sarkin talon päärakennus ja luhti  sijaitsee Untamalan kylänraitin varrella  oikeammin kiinni siinä. Jo kylänraitti on nähtävyys ja harvinaisuus Suomessa.,Laitila 
21.711339, 60.845803, Kauppilan umpipihamuseo Puh. (02) 854 461,Laitila 
21.801033, 60.883156, Kaariaisten mäkitupalaismuseo Puh. (02) 854 461,Laitila 
21.803133, 60.970164, Bench kylämuseo Puh. (02) 853 942,Laitila 
21.917714, 60.867994, Kaivolan museo ,Laitila 
30.77324, 62.27464, Myllyjoen Laavu Myllyjoen Laavu,Lamminvaara 
25.793436, 60.951804, Konnilan lähde,Lankila 
23.38961, 61.95249, Isokivijärven Tulipaikka Isokivijärven Tulipaikka,Länsi
23.41711, 61.93145, Pitkäjärven Tulipaikka Pitkäjärven Tulipaikka,Länsi
22.19004, 60.28854, Pettebyvikenin lintutorni ,Länsi-Turunmaa Pargas
26.85617, 61.18624, Valkjärven Tulipaikka Valkjärven Tulipaikka,Lapinniemi 
26.85833, 61.1572, Mänkijän Tulipaikka Mänkijän Tulipaikka,Lapinniemi 
26.8659, 61.19181, Sukeltajaniemen Tulipaikka Sukeltajaniemen Tulipaikka,Lapinniemi 
26.87896, 61.15883, Talas Tulipaikka 1 Talas Tulipaikka 1,Lapinniemi 
26.88693, 61.16005, Hermusen Tulipaikka Hermusen Tulipaikka,Lapinniemi 
26.89029, 61.17144, Tukkiniemen Tulipaikka 2 Tukkiniemen Tulipaikka 2,Lapinniemi 
24.79946, 66.09609, Hotan Laavu Hotan Laavu,Lapinniemí 
28.147444, 61.085667, Iso pahka Iso pahka koivupuussa noin 1 5 metrin korkeudella.,Lappeenranta 
23.248422, 59.907237, Voice rintamamuseo Toukokuusta syyskuuhun päivittäin 11.30 -18.30,Lappohja
29.58648, 63.15401, Mellitsan Tulipaikka Mellitsan Tulipaikka,Larinsaari 
28.27779, 63.20279, Lastukosken Laavu Lastukosken Laavu,Lastukoski 
23.92499, 61.3658," Lempäälä Vähäkausjärven kota. Voi yöpyä, tie perille. ",Lastustenkulma 
23.93532, 61.35742, Lempäälä Vähäkausjärven grilli paikka ( katos ) tie perille,Lastustenkulma 
23.3237, 61.87989, Latoveden Laavu Latoveden Laavu,Latovesi 
23.37827, 61.91512, Koveronlammin Tulipaikka Koveronlammin Tulipaikka,Latovesi 
23.38033, 61.92367, Seitseminen Kirkaslampi grillaus paikka ( katos ) ei voi yöpyä ,Latovesi 
23.39593, 61.92189, Haukilammin Tulipaikka Haukilammin Tulipaikka,Latovesi 
23.43039, 61.91452, Jokiristin Tulipaikka Jokiristin Tulipaikka,Latovesi 
25.980704, 62.321811, Vuonteen lintutorni Korkeus 4m 1,Laukaa 
23.47793, 64.05419, Maijanaron Laavu Maijanaron Laavu,Leirikylä 
28.99927, 62.26723, Pienenkakonjärven Tulipaikka Pienenkakonjärven Tulipaikka,Leivola 
20.1791, 59.9693, Herröskatanin lintutorni Korkeus 10m,"Lemland, Ahvenanmaa"
29.72406, 62.58503, Kalmonniemen Tulipaikka Kalmonniemen Tulipaikka,Lemmenkallio 
29.7346, 62.57785, Kuhasalon Laavu Kuhasalon Laavu,Lemmenkallio 
21.93594, 60.53181, Oukkulanlahden lintutorni Lemun kunnassa  korkeus 6m. Tornille 1km luontopolku.,Lemu
23.70944, 61.89107, Hevossaaren Laavu Kuru Hevossaaren Laavu Kuru,Leponiemi 
28.012846, 62.50472, Orinoron Rothko Orinoron rotko Soisalon saaressa. J,Leppävirta 
25.54896, 65.78814, Valitun Laavu P Valitun Laavu P,Leväaapa 
22.359608, 60.497838, Down Automuseo Puh. (02) 487 0662 tai 0400 820 620,Lieto 
26.20407, 62.26761, Lievestuorreen Laavu Lievestuorreen Laavu,Lievestuore 
26.049163, 60.568036, Sävträsketin lintutorni Liljendalin kunnassa  korkeus 3m 1,Liljendal 
25.3097, 64.8281," Virkkulan lintutorni, korkeus 9m",Liminka
25.3105, 64.8292," Virkkulan lintutorni, korkeus 2m 1",Liminka
29.528827, 62.61521, Automuseo Myllyn Vanhat Autot 040,Liperi
23.499001, 64.022194, Lohtajan kotiseutumuseo Punasillantie  68230 +(358),Lohtaja 
23.500861, 64.021583, Lohtajan kirkko ,Lohtaja 
30.43098, 62.85236, Kuusamokosken Laavu Kuusamokosken Laavu,Lossitalo 
30.47002, 62.84688, Kalliokosken Laavu Kalliokosken Laavu,Lossitalo 
30.49731, 62.84897, Hanhilahden Tulipaikka Hanhilahden Tulipaikka,Lossitalo 
26.235602, 60.456108, Loviisanlahden lintutorni Korkeus 3m 1,Loviisa 
25.288263, 64.846482, Puhkiavanperän lintutorni Lumijoen kunnassa  korkeus 3 m,Lumijoki
23.47544, 61.92995, Liesijärven Tulipaikka Liesijärven Tulipaikka,Luode 
23.58968, 61.96963, Haukijärven Tulipaikka Haukijärven Tulipaikka,Luode 
23.59649, 61.96829, Riuttaskorven Laavu Riuttaskorven Laavu,Luode 
23.6102, 61.96732, Suutarilankosken Laavu  voi yöpyä Suutarilankosken Laavu  voi yöpyä,Luode 
30.85595, 62.36173, Kuikan Tulipaikka Kuikan Tulipaikka,Luutalahti 
30.88141, 62.39347, Kitsajärven Tulipaikka Kitsajärven Tulipaikka,Luutalahti 
25.261, 61.25891, Kelekku kota kaalisuontie perille mp:lla ja autolla yöpyä? ,Maakeski 
27.060611, 63.240889, Korkeakoski Suomen korkein putous 48 m,Maaninka 
19.925981, 60.095793, Museolaiva Pommern Pommern on teräsrunkoinen nelimastoinen parkki. Se rakennettiin 1903 Glasgow'ssa.,Maarianhamina 
24.576944, 62.027778, Serlachius taidemuseo Serlachius suvun taidemuseo,Mänttä 
24.626111, 62.028333, Serlachius-museo. Paperitehdasmuseo,Mänttä 
22.54176, 68.61332, Syväjärven Tulipaikka Syväjärven Tulipaikka,Markkina 
25.670252, 61.025375, Savistenkulman lähde 3428281,Merrasjärvi 
21.849634, 60.63361, Vasikkahaka/Mynälahden lintutorni 3,Mietoinen 
27.294722, 61.670417, Pursialan Hiidenkirnu n. 9000 vuotta vanha  8 metriä syvä,Mikkeli 
27.342193, 61.704861, Visulahden matkailukeskuksen museoautonäyttely Puh. (015) 18 281,Mikkeli 
25.659123, 61.012941, Pilkotunmäen lähde,Mukkala 
25.671863, 60.987729, Kiveriönmäen lähde,Mukkala 
25.688367, 60.995242, Metsärinteen lähde,Mukkala 
25.689402, 60.997496, Saunatien lähde,Mukkala 
25.693431, 61.010101, Holman lähde,Mukkala 
29.70719, 62.51773, Pyhäsaaren Tulipaikka Pyhäsaaren Tulipaikka,Mulo 
29.71795, 62.49785, Perhesaaren Tulipaikka Perhesaaren Tulipaikka,Mulo 
29.7871, 62.55186, Hopeasaaren Laavu Joensuu Hopeasaaren Laavu Joensuu,Mulo 
24.6924, 62.4877, Laavu palsankoski Laavu palsankoski perille autolla ja mp:llä,MULTIA 
31.09269, 62.62378, Saarilahden Laavu Saarilahden Laavu,Muokonniemi 
31.1009, 62.62315, Joutenlahden Tulipaikka Joutenlahden Tulipaikka,Muokonniemi 
31.12061, 62.60447, Ahvenlammin Tulipaikka Ahvenlammin Tulipaikka,Muokonniemi 
31.14963, 62.5946, Keltasilmänkannaksen Laavu Keltasilmänkannaksen Laavu,Muokonniemi 
25.96413, 63.74899, Pyhäjoen Laavu Pyhäjoen Laavu,Murronperä 
25.97219, 63.7411, Hallarämeen Tulipaikka Hallarämeen Tulipaikka,Murronperä 
30.31227, 62.27418, Sarvikankaan Laavu Sarvikankaan Laavu,Murtoi 
30.20327, 62.47494, Suuren Hietajärven Tulipaikka Suuren Hietajärven Tulipaikka,Murtojärvi 
30.23542, 62.46735, Metsälammin Laavu Metsälammin Laavu,Murtojärvi 
21.487778, 63.206111," Raippaluodon sillan levähdyspaikka. Grillauskatos, uimaranta, puita vajassa. P",Mustasaari
21.993883, 63.157778, Mustasaari Lintutorni 8 ,Mustasaari
25.669206, 62.138789, Muuramen saunakylä (savusaunamuseo) Puhelin: 0143732670 / 040 8338479,Muurame
25.04043, 63.50158, Koukkusen Tulipaikka Koukkusen Tulipaikka,Muurasjärvi 
26.69216, 62.48404, kota mommonlahdentie tie perille autolla ja mp:llä kota mommonlahdentie tie perille autolla ja mp:llä,Myhinpää 
25.74562, 60.970934, Karistonkadun lähde,Myllypohja 
27.60953, 65.63472, Syötteen luontokeskus ,Naamanka 
25.663002, 60.920692, Renkomäen lähde,Näkkimistö 
21.3239, 62.464011, Öjskogsparken ,Närpes 
25.897089, 60.986818, Kalliojärven laavu ,Nastola 
25.903694, 60.972833, Seelammin laavu Laavu lammen rannalla.,Nastola 
25.80112, 67.08785, Kullealammin Laavu Kullealammin Laavu,Niesi 
25.8024, 67.08482, Uraninkönkään Tulipaikka 2 Uraninkönkään Tulipaikka 2,Niesi 
25.81056, 67.08172, Uraninkönkään Tulipaikka 1 Uraninkönkään Tulipaikka 1,Niesi 
22.46091, 61.82536, Laavu ei nimeä voi yöpyä ,Niinisalo 
22.47783, 61.82785, Laavu perille pääsee autolla ja mp:llä ,Niinisalo 
22.48509, 61.81284, laavu Hämeenkankaantie yopyä? ,Niinisalo 
22.48523, 61.82771, Järvi laavu tästä matkaa n 200m rantaan päin voi yöpyä ,Niinisalo 
22.48631, 61.82942, Valkiajärven Laavu Valkiajärven Laavu,Niinisalo 
25.676286, 60.956017, Liipolan lähde,Nikkilä 
26.76715, 64.58422, Raappanansaaren Laavu Raappanansaaren Laavu,Niska 
23.32319, 61.74284, Keihäänmaan laavu voi yöpyä tästä matkaa n 100m ,Nisu 
23.4912, 61.53257, Nuijalammen laavu,Nokia 
23.4912, 61.53257," Nuijalammen nuotiopaikka. Vajassa puita, lettu- ja vesipannu. Tuo oma vesi.",Nokia 
24.115, 61.5944, Norojärven laavu voi yöpyä Norojärven laavu voi yöpyä puita on. Kävelyä 800m,Norojärvi
23.846583, 60.396178, Kovelan Traktorimuseo Puh. 019-373311,Nummi
24.023481, 60.354011, Savijärven lintutorni Korkeus 6m 2,Nummi-pPusila
23.968828, 60.448779, Pusulanjärven lintutorni,Nummi-Pusula
23.72237, 61.34414, Laavu sarkionmäki kävelyä n 300m voi yöpyä ,Nurmi 
24.863702, 60.422867, Aleksis Kiven syntymäkoti http://www.nurmijarvi.fi/palvelut/kulttuuri_ja_museo/syntymakoti/fi_FI/aleksis_kiven_syntymakoti/,Nurmijärvi 
30.82432, 62.38554, Luutalahden Tulipaikka Luutalahden Tulipaikka,Öllölänniemi 
23.74525, 61.19172, Laavu viialla kävelyä n 100m voi yöpyä Laavu viialla kävelyä n 100m voi yöpyä,Oopakka 
28.51743, 62.1014, Sammakkoniemen Tulipaikka Sammakkoniemen Tulipaikka,Oravi 
28.52024, 62.10172, Kamarluodon Tulipaikka Kamarluodon Tulipaikka,Oravi 
30.57887, 62.44438, Länkisaaren Laavu Länkisaaren Laavu,Oskola 
25.503442, 64.962355, Oulun Automuseo Puh. (08) 552 1600 ,Oulu 
29.42816, 63.26236, Pyöreälammin Tulipaikka Pyöreälammin Tulipaikka,Paalasmaa 
26.33332, 62.34101, kota venekoskentie voi yopyä tie perille autolla ja mp:llä kota venekoskentie voi yopyä tie perille autolla ja mp:llä,Paanala 
24.65177, 65.69118, Ryytikarin Laavu I Ryytikarin Laavu I,Paavonkari 
24.65571, 65.69674, Tankokarin Laavu E Tankokarin Laavu E,Paavonkari 
24.65726, 65.67168, Prykärin Laavu Prykärin Laavu,Paavonkari 
26.15256, 63.16123, Hartsinniemen Tulipaikka Hartsinniemen Tulipaikka,Pahkakorpi 
22.6428, 60.3996, Paimionlahden lintutorni,Paimio
24.45385, 61.57312, Nunnalaavu ei voi yöpyä tästä matkaa n100m järven rannalla Nunnalaavu ei voi yöpyä tästä matkaa n100m järven rannalla,Pajukanta 
24.45663, 61.57258, Nunnalaavu ei voi yöpyä tästä matkaa n100m järven rannalla ,Pajukanta 
27.67662, 63.46331, Särkilammin Laavu Särkilammin Laavu,Pällikäs 
30.32392, 62.4729, Jalkasenaution Laavu Jalkasenaution Laavu,Paloi 
30.15893, 63.46661, Ikosenlahden Laavu Ikosenlahden Laavu,Pankajärvi 
30.19142, 63.33868, Salvonniemen Tulipaikka Salvonniemen Tulipaikka,Pankakoski 
24.29475, 64.50234, Selkälipin Laavu Selkälipin Laavu,Parhalahti 
29.56536, 61.560984, Siikalahden lintutorni Korkeus 8m 2,Parikkala
23.829346, 62.930236, Karhuviidankivi Paikalla on myös paikalla olevan taulun mukaan Suomen suurin siirtokivilohkare.,Peräkangas 
27.7623, 66.06874, Iso Kuulemajärven Laavu Iso Kuulemajärven Laavu,Peräposio 
27.77322, 66.06754, Pikku Kuulemajärven Laavu Pikku Kuulemajärven Laavu,Peräposio 
25.89226, 63.05413, Viitasaaren Laavu Viitasaaren Laavu,Permonen 
27.44013, 66.09655, Kostin Kota + Tulipaikka Kostin Kota + Tulipaikka,Pernujärvi 
27.46267, 66.17713, Korouoman Tulipaikka Korouoman Tulipaikka,Pernujärvi 
27.50306, 66.08347, Kynttilälammin Tulipaikka Kynttilälammin Tulipaikka,Pernujärvi 
27.51514, 66.15323, Piippukallion Laavu Piippukallion Laavu,Pernujärvi 
27.62939, 66.1024, Koivulammin Laavu Koivulammin Laavu,Pernujärvi 
27.68544, 66.08579, Koron Latvajärven Laavu Koron Latvajärven Laavu,Pernujärvi 
27.73787, 66.0754, Iso Aimojärven Laavu Iso Aimojärven Laavu,Pernujärvi 
22.54828, 62.51819, Välirämäkkä laavu ,Pihkakylä 
25.569666, 63.370224, Pihtiputaan kirkko ,Pihtipudas 
25.685659, 63.45804, Kortteisen lintutorni Korkeus 3m 1,Pihtipudas 
26.094332, 64.071336, Vähälamujärven laavu ,Piippola 
25.563312, 60.982352, Riihelän lähde,Pirttiharju 
25.587874, 60.970064, Kempintilan lähteet,Pirttiharju 
23.549992, 60.096513, Pohja  Tukkisatama  ,Pohja 
29.04634, 63.48414, Aronsalmen Laavu Aronsalmen Laavu,Pohjoispää 
23.88241, 62.04128, Luoman Tulipaikka Luoman Tulipaikka,Pohtio 
23.89792, 62.03681, Luoman Tulipaikka 1 Luoman Tulipaikka 1,Pohtio 
28.28382, 63.55742, Kestin Tulipaikka Kestin Tulipaikka,Poikainmäki 
22.209621, 61.72556, Majansuu Valokuvauksellisen kaunis koskipaikka,Pomarkku/Kankaanpää 
21.5053, 61.589, Levonlammen lintutorni Korkeus 7m 2,Pori 
21.556751, 61.531572, Yyterin lietteiden lintutorni ,Pori 
21.567798, 61.537249, Riitsaranlahden lintutorni  3m,Pori 
21.595, 61.5013, Preiviikin kalasataman lintutorni m7,Pori 
21.6016, 61.5465, Enäjärven lintutorni Korkeus 7m,Pori 
21.626917, 61.660472, Hööpäkki Kolmen sillan lenkin varrella sijaitseva nuotiopaikka ja laavu  jossa nukkuu tarvittaessa yksi hlö.,Pori 
21.633729, 61.507787, Kaarluodon lintutorni Korkeus 7 m,Pori 
21.6506, 61.557, Teemuluodon lintutorni Korkeus 7 5 m,Pori 
24.176667, 60.085, Degerbyn Igor Porkkalan vuokra-ajasta kertova museo,Porkkala
24.424722, 60.1025, Kapteeni Belovin hauta Hauta sijaitsee neuvostohautausmaalla  jonne on haudattu Porkkalan vuokra-aikana kuolleet.,Porkkala
25.02671, 61.22964, Evon kansalispuisto laavu voi yöpyä tie perille voi yöpyä Evon kansalispuisto laavu voi yöpyä tie perille voi yöpyä,Porraskoski 
25.0305, 61.23323, Kalliojärven Tulipaikka Kalliojärven Tulipaikka,Porraskoski 
25.6819, 60.3709, Ruskiksen lintutorni Korkeus 8m 3,Porvoo 
25.70243, 60.366475, Stensbölefjärdenin lintutorni Korkeus 2m 1,Porvoo 
23.82851, 62.05439, Helvetinkolun Laavu Helvetinkolun Laavu,Pouru 
25.74642, 66.48405, Pöykkölän Laavu Pöykkölän Laavu,Pöykkö 
27.58338, 65.64013, Anninkoski ,Pudasjärvi 
27.665599, 65.604252, Kettutupa ,Pudasjärvi 
27.691555, 65.584407, Joutsenlammen laavu ,Pudasjärvi 
27.780926, 65.526283, Pirinjärven laavu ,Pudasjärvi 
25.6755, 60.6603, Kanteleenjärven lintutorni Korkeus 7m 1,Pukkila 
29.66073, 62.6602, Lykynlammen Laavu Joensuu Lykynlammen Laavu Joensuu,Puntarikoski 
27.8776, 64.819641, Hepoköngäs  Hepokönkään luonnonsuojelualue  Puolanka Suomen korkein luonnonvarainen vesiputous  24 metri,Puolanka 
27.51626, 63.41908, Parkonkorven Tulipaikka Parkonkorven Tulipaikka,Puoliväli 
22.71946, 61.49539, Kiikoiskosken Laavu Kiikoiskosken Laavu,Putaja 
25.0568, 65.88145, Kivalon Laavu Kivalon Laavu,Puukkokumpu 
30.493333, 62.556667, Linnansuo ,Puustila 
30.5275, 62.548056, Vesimyllyntie ,Puustila 
24.22602, 64.47851, Tervon Laavu Tervon Laavu,Pyhäjoki 
26.222992, 64.139332, Kivijärven lintutorni ,Pyhäntä 
21.299263, 61.086525, Rihtniemen lintutorni Korkeus 9m 3,Pyhäranta 
30.126111, 62.288333, Lappeenrannantie 247  VT6 ,Pyhäselkä  
28.74339, 62.27449, Pyylinsaaren Laavu Pyylinsaaren Laavu,Pyylinsaari 
28.81448, 62.27314, Lapinniemen Tulipaikka Lapinniemen Tulipaikka,Pyylinsaari 
28.85769, 62.26034, Laajakaaren Tulipaikka Laajakaaren Tulipaikka,Pyylinsaari 
28.90309, 62.22211, Hirviniemen Tulipaikka Hirviniemen Tulipaikka,Pyylinsaari 
28.90415, 62.20847, Vaajasalon Tulipaikka Vaajasalon Tulipaikka,Pyylinsaari 
24.3186, 64.5296, Halkokarin Laavu Laavu merenrannassa Halkokarin mökkirannassa.,Raahe 
24.364252, 64.541583, Kultalanrannan Laavu Raahe Suomi ,Raahe 
24.399914, 64.625664, Kuljunlahden laavu Laavu Raahen tuulivoimaloiden läheisyydessä merenrannalla.,Raahe 
24.471179, 64.687496, Raahen museo Rantakatu,Raahe 
24.04634, 68.10967, Rihmakurun Tulipaikka Pallas Rihmakurun Tulipaikka Pallas,Raattama 
24.0915, 68.08915, Kiimaharjun Nuotiopaikka Kiimaharjun Nuotiopaikka,Raattama 
27.7972, 66.05809, Kangaslammin Laavu Kangaslammin Laavu,Raistakka 
27.8075, 66.05103, Lastenlammin Laavu Lastenlammin Laavu,Raistakka 
27.80756, 66.06391, Latvajärven Laavu Latvajärven Laavu,Raistakka 
26.05575, 63.49665, Tikanlahden Tulipaikka Tikanlahden Tulipaikka,Rantamannila 
27.76181, 62.9324, Karhonsaaren Tulipaikka Karhonsaaren Tulipaikka,Rantatoivala 
22.124218, 60.468941, Raisionlahden lintutorni Rasionlahden lintutorni  korkeus 3m avoin,Rasio 
29.229187, 61.483989, Haukkavuoren nuotiopaikka ,Rautjärvi 
29.359289, 61.421765," Hiitolanjoen voimalat, luontopolku, maisemapaikka",Rautjärvi 
29.20651, 63.53028, Hyvärilän Tulipaikka Hyvärilän Tulipaikka,Revonoja 
23.87872, 61.96976, Kivikieringan laavu voi yöpyä perille pääsee mp:lla ja autolla ,Riekkola 
27.2715, 61.497004,1646 rakennetun Brahelinnan rauniot,Ristiina
27.83259, 62.82206, Iivarinsalon Tulipaikka 1 Iivarinsalon Tulipaikka 1,Ritoniemi 
27.86575, 62.86632, Törsön Tulipaikka Törsön Tulipaikka,Ritoniemi 
29.64017, 62.46592, Laakkeensaaren Tulipaikka Laakkeensaaren Tulipaikka,Roukalahti 
25.7319, 66.49269, Rovaniemen Laavu Rovaniemen Laavu,Rovaniemi 
25.15316, 66.15743, Honkasen Laavu Honkasen Laavu,Runkaus 
27.74975, 66.66848, Iso Kuulemajärven Laavu 2 Iso Kuulemajärven Laavu 2,Ruokamo 
28.82855, 61.286017," Ruokolahden kellotapuli, rakennettu 1752",Ruokolahti
28.426895, 61.491269, Sammalsilta ,Ruokolahti 
28.526129, 61.49558," Kukonharjun kanava, jylhät kalliot ja valoisa koivikko.",Ruokolahti 
28.787441, 61.330819, Vedenottopaikka luonnonlähteellä,Ruokolahti 
28.827245, 61.286126," Ruokolahden kotiseutumuseo. Vanhoja rakennuksia, esineistöä, Albert Edelfeltin jäämistöä.  Puh. (05)6841265",Ruokolahti 
28.852715, 61.341218," Myllykosken laavu, kosken vierellä, nuotiopaikka",Ruokolahti 
28.856957, 61.296154, Käringinjärven vedenottopaikka ,Ruokolahti 
28.865833, 61.469983, Kemppilän laavu ,Ruokolahti 
28.909221, 61.510773, Kemppilän myllykoski ,Ruokolahti 
28.997571, 61.256084, Kuokkalammen lintutorni ,Ruokolahti 
23.73465, 61.41587, Ammenjärven Laavu Sääksjärvi kävelyä n 800m voi yöpyä Ammenjärven Laavu Sääksjärvi kävelyä n 800m voi yöpyä,Sääksjärvi 
23.7492, 61.41781, Ammenjärven laavu kävelyä n 800m voi yöpyä ,Sääksjärvi 
27.79325, 62.796,Tulipaikka,Saari
27.79057, 62.79711,Tulipaikka,Saari
25.034102, 62.825964, Kuorejärven lintutorni Korkeus 5 5m 1,Saarijärvi 
27.27005, 66.05853, Korvaniemen Laavu Korvaniemen Laavu,Sääskilahti 
27.28691, 66.0696, Suolahden tulipaikka Suolahden tulipaikka,Sääskilahti 
27.31496, 66.07717, Tuppilammen Tulipaikka Tuppilammen Tulipaikka,Sääskilahti 
29.94669, 62.39106, Sammakkolahden Tulipaikka Sammakkolahden Tulipaikka,Saitala 
22.33906, 60.73452, Takaniitun Vuoren Tulipaikka Takaniitun Vuoren Tulipaikka,Saksala 
24.62266, 63.35403, Ahvenlammin Laavu Ahvenlammin Laavu,Salamajärvi 
24.6573, 63.31816, SalamajärvenTulipaikka SalamajärvenTulipaikka,Salamajärvi 
24.17549, 62.33317, Kuusikosken Tulipaikka Kuusikosken Tulipaikka,Sälli 
24.18461, 62.34172, Pihlaiskosken Tulipaikka 2 Pihlaiskosken Tulipaikka 2,Sälli 
24.18761, 62.34511, Pihlaiskosken Tulipaikka 1 Pihlaiskosken Tulipaikka 1,Sälli 
24.30218, 60.68093, Luutalammin Tulipaikka Luutalammin Tulipaikka,Salmio 
23.088981, 60.371055, Halikonlahden lintutorni Korkeus 6m 2,Salo 
23.803128, 60.352225, Paikkarin torppa Puh. 019-356659 / kesällä 09-40509574 talvella,Sammatti
23.956608, 60.381125, Meijerimuseo Puh. 019-371176,Saukkola
24.12697, 61.69865, Valkeajärven Laavu Valkeajärven Laavu,Savo 
28.901883, 61.863525, Olavinlinna ,Savonlinna 
28.779254, 69.540367, Laavu Tulipaikka  puolikotalaavu,Sevettijärvi 
28.797989, 69.691751, Laavu Tulipaikka  puolikotalaavu,Sevettijärvi 
28.95565, 69.595662, Pikku Kirakkajärvi  laavu Tulipaikka  puolikotalaavu,Sevettijärvi 
29.021226, 69.612307, Lauttajärvi  laavu Tulipaikka  puolikotalaavu,Sevettijärvi 
30.38263, 62.85736, Mäntykosken Tulipaikka Mäntykosken Tulipaikka,Siikavaara 
30.39821, 62.85129, Rosvohotun Tulipaikka Koita Rosvohotun Tulipaikka Koita,Siikavaara 
27.707707, 62.971771, Sandelsin patsas Taukopaikka + Sandelsin patsas  Vuorelan ramppi,Siilinjärvi 
24.66529, 67.78509, Merkkisen Kaltion Laavu Merkkisen Kaltion Laavu,Sikkola 
24.69684, 67.77046, Kioski Laavu Kioski Laavu,Sikkola 
24.77658, 67.75547, Kätkälärven Laavu Levi Kätkälärven Laavu Levi,Sikkola 
24.86225, 67.74154, Tulipaikka Tulipaikka,Sikkola 
23.68817, 61.41354, Toivio/Pirkkala kaitajärven kota lammen toisella puolella pystyy yöpymään ,Sionkylä 
24.264444, 60.141389, Sjunbyn kaupungin Huom! Yksityisomistuksessa!,Siuntio 
23.648056, 59.995278, Raaseporin Linna Restauroitu Linna  Kahvila  Retkeilymaja ( 500 m.),Snappertuna 
23.47478, 61.90542, Kirkas,Soljanen Tulipaikka  Seitseminen Kirkas
23.37377, 60.645451, Mäkilän traktorimuseo Puh. (02) 748 1137 tai 040 724 0044,Somero 
22.77504, 62.74324, Koivusaaren Laavu Koivusaaren Laavu,Soukkajoki 
27.95, 65.16463, Pieksän Laavu Pieksän Laavu,Suolijärvi 
27.95047, 65.14666, Aaponsuon Laavu Aaponsuon Laavu,Suolijärvi 
27.96217, 65.12426, Siikavaaran Laavu Siikavaaran Laavu,Suolijärvi 
27.10081, 62.64105, Suonenjoen Laavu Suonenjoen Laavu,Suomenjoki 
27.71692, 64.31047, Soidinharjun Laavu Soidinharjun Laavu,Sutelanperä 
25.20642, 60.34331, Sipoonkorven Tulipaikka Sipoonkorven Tulipaikka,Svartböle 
28.57944, 65.50056, Kalle Päätalon syntymäkoti,Taivalkoski 
23.295611, 59.940128, Mannerheimin kivi Kivi on pystytetty paikalle jossa sotamarsalkka Mannerheim 15.12.1941 vastaanotti Hangon rintamalla taistelleiden joukkojen ohimarssin.,Tammisaari 
23.325961, 59.945016, Harparskog Storträsket ,Tammisaari 
23.422856, 59.922848, Bötesberget 65m merenpinnan yläpuolella,Tammisaari 
23.650378, 61.505858, TV2 studio tohlopissa TV2:n tiloista löytyy myös kauppa  mistä voi ostaa tv2:n liittyvää tavaraa.,Tampere 
23.750939, 61.497976, Pääkirjasto Metso Tampereen pääkirjasto hämeenpuiston varrella.,Tampere 
23.758822, 61.500781, Finlaysonin alue Vanhoihin tehdasrakennuksiin on tehty Finnkinon elokuvateatteri ja kauppakeskus Siperia  missä on monta hyvää ravintolaa ja kahvilaa.,Tampere 
23.760569, 61.498308, Keskustori Tampereen keskus. Tästä kaupunki laajenee jokaiseen ilmansuuntaan.,Tampere 
23.793235, 61.499151, Kalevan kirkko Kalevan kirkko liisanpuiston alueen kynnyksellä,Tampere 
23.822755, 61.480911, Iidesjärven lintutorni Korkeus 3m 1,Tampere 
23.859814, 61.450042, Tampereen Teknillinen Yliopisto TTY:n kampus alue,Tampere 
25.001787, 60.208757, Lammassaaren lintutorni 1,tasoinen
25.0099, 60.2146, Hakalanniemen lintutorni 2,tasoinen
24.992367, 60.214127, Pornaistenniemen lintutorni 1,tasoinen  l
25.0193, 60.2144, Purolahden lintutorni matala  1,tasoinen iso lava
24.8191, 60.1895, Otaniemen lintutorni Espoossa  uusi  1-tasoinen,tasoinen lavatyyppinen torni
25.587133, 61.017941, Korpikankareen lähde,Tiirismaa 
25.592311, 61.006273, Rautakankareen lähde,Tiirismaa 
22.78929, 62.75239, Kyrkösjärven Laavu Kyrkösjärven Laavu,Törnävä 
23.58125, 60.73592, Torronsuon Kiljamon Tulipaikka Torronsuon Kiljamon Tulipaikka,Torro 
23.64447, 60.72284, Torronsuon Katavasaaren Tulipaikka Torronsuon Katavasaaren Tulipaikka,Torro 
28.74514, 62.30872, Pitkäsaaren Tulipaikka 1 Pitkäsaaren Tulipaikka 1,Torvela 
28.74756, 62.30731, Pitkäsaaren Tulipaikka 2 Pitkäsaaren Tulipaikka 2,Torvela 
22.74681, 62.73907, Kivinevan Laavu Kivinevan Laavu,Tuomikylä 
22.12975, 60.4228, Krottilanlahden lintutorni Korkeus 12m,Turku 
22.19474, 60.43902, Marjaniemen lintutorni 3m,Turku 
22.200472, 60.434805, Rantatien lintutorni,Turku 
22.246407, 60.39391, Friskalanlahden lintutorni Korkeus 5m,Turku 
22.267213, 60.451892, Kauppatori Turun kauppatori.,Turku 
24.52987, 61.42862, Laipanmaa? Kota esteri hirvikorventie Kota esteri hirvikorventie laipanmaa? ei voi yöpyä perille mp:llä ja autolla,Tursola 
29.70705, 62.42178, Tikankaivannon Tulipaikka Tikankaivannon Tulipaikka,Tutjunniemi 
22.62128, 62.63608, Uittomäen Tulipaikka Uittomäen Tulipaikka,Tuulia 
29.94432, 62.34706, Murtoniemen Laavu Murtoniemen Laavu,Tuunala 
28.36419, 62.62211, Paimensaaren Tulipaikka Paimensaaren Tulipaikka,Ukonlahti 
28.85568, 63.06174, Saavanjoen Tulipaikka Saavanjoen Tulipaikka,Ukonvaara 
27.91901, 65.08633, Nuottilammin Laavu Nuottilammin Laavu,Ulkola 
27.93559, 65.11326, Lakilammin Laavu Lakilammin Laavu,Ulkola 
25.792778, 61.130556, Urajärven Kartano N,Urajärvi 
30.45162, 62.2084, Tohmajärven Laavu Tohmajärven Laavu,Uusi
21.449556, 60.809503, Uudenkaupungin Automuseo Uudenkaupungin AutomuseoAutotehtaankatu 14  UusikaupunkiAvoinna joka p,Uusikaupunki 
21.547379, 60.824002, Kalannin mylly ,Uusikaupunki 
21.547465, 60.823393, Kalannin myllyn säädettävä pato ,Uusikaupunki 
96.109722, 108.1575, Maaselän lähde Tutkittua vettä  pitkospuut ohjaa lähteelle.,Vaala 
28.74153, 62.30737, Mäntysalon Tulipaikka Mäntysalon Tulipaikka,Vaaluvirta 
21.654167, 63.104167, Edvinin taidepolku ja korsumuseo 200 taiteilija Edvin Hevonkosken taideteosta ja ty,Vaasa 
21.681631, 63.056733, Sundomin lahden Lintutorni ,Vaasa 
21.682469, 63.049992, Sundomin lahden Lintutorni 2 ,Vaasa 
21.740964, 63.096761, Pilvilammen lintutorni,Vaasa 
21.782342, 63.098717, Pilvilammen laavu,Vaasa 
25.0136, 61.21004, Alisen Niemisjärven Tulipaikka 1 Alisen Niemisjärven Tulipaikka 1,Vähä Evo 
25.01638, 61.21783, Ylisen Niemisjärven Laavu Ylisen Niemisjärven Laavu,Vähä Evo 
25.01756, 61.21242, Alisen Niemisjärven Laavu Alisen Niemisjärven Laavu,Vähä Evo 
25.019, 61.21465, Alisen Niemisjärven Tulipaikka 2 Alisen Niemisjärven Tulipaikka 2,Vähä Evo 
24.51764, 65.78684, Valmarinniemen Laavu Valmarinniemen Laavu,Vaimarinniemi 
24.5402, 65.78794, Valitun Laavu L Valitun Laavu L,Vaimarinniemi 
23.3394, 61.7778, Väinövuoren laavu tästä matkaa n 300m voi yöpyä ,Väinänperä 
23.34065, 61.7801, Väinänvuoren Laavu Väinänvuoren Laavu,Väinänperä 
26.73013, 61.81311, Laajaladen Tulipaikka Laajaladen Tulipaikka,Väisälä 
26.75911, 61.77668, Kankarinluodon Tulipaikka Kankarinluodon Tulipaikka,Väisälä 
29.53888, 62.65072, Pikkulammin Laavu Liperi Pikkulammin Laavu Liperi,Vaivio 
29.55997, 62.66109, Surmilammin Laavu Liperi Surmilammin Laavu Liperi,Vaivio 
24.027278, 61.249583, Vallonjärven lintutorni Luontopolun varrella sijaitseva pieni lintutorni  josta n,Valkeakoski 
24.047961, 61.184097, Sääksmäen passage S,Valkeakoski 
24.058036, 61.205603, Rapolanharjun muinaislinna Rapolanharju on er,Valkeakoski 
24.061494, 61.203594, Taide- ja lastenkulttuurikekus Voipaalan keskiaikaisessa kartanossa,Valkeakoski 
28.06081, 63.23897, Nilsiän Laavu Nilsiän Laavu,Valkeinen 
22.957816, 61.298063, Pirttisaari Nuotiopaikka  uimaranta,Vammala 
24.77499, 60.271122, Pitkäjärven lintutorni Korkeus 9m ,Vantaa 
24.853806, 60.261433, Vantaan taidemuseo Puh. (09) 8393 5570,Vantaa 
24.865767, 60.293617, Vantaankoski ,Vantaa 
24.874228, 60.287481, Vantaan maatalousmuseo Puh. 050 341 4646 / 0400 942 143 / 0500 315 744,Vantaa 
24.960964, 60.304342, Suomen Ilmailumuseo Puh. (09) 8700 870,Vantaa 
25.003453, 60.305133, Viherpajan japanilainen puutarha ja kaktuspuutarha Puh. (09) 822 628,Vantaa 
25.043183, 60.290972, Vantaan kaupunginmuseo Puh. (09) 8392 4007 / (09) 8392 4449,Vantaa 
25.124655, 60.281146, Nissbackan kartano Puh. 09-8764632,Vantaa 
25.158159, 60.282701, Trollbergan traktorimuseo Puh. (09) 876 4732 / 0400 615 170,Vantaa 
25.165512, 60.233426, Porvarinlahden lintutorni Korkeus 5m,Vantaa 
27.871336, 62.292872, Varkauden automuseo 0400,Varkaus
22.523346, 62.601992, kota ja nuotiopaikka Nuotiopaikka ja klavut löytyy. Kota myös mutta on varausperiaatteella ja lukittu.,Varpaiskylä 
28.6502, 63.54972, Holinlammen Tulipaikka Holinlammen Tulipaikka,Varpuvaara 
25.3476, 62.13355, Korpilahti särkijärve laavu ja grillaus katos voi yöpyä ,Varrasperä 
27.65107, 69.08363, Kotalahden Laavu Inarinjärvi Kotalahden Laavu Inarinjärvi,Väylä 
24.6455, 65.69259, Ryytikarin Laavu L Ryytikarin Laavu L,Veitsiluoto 
24.65237, 65.69952, Tankokarin Laavu P Tankokarin Laavu P,Veitsiluoto 
31.07744, 62.48406, Joutenjärven Tulipaikka Joutenjärven Tulipaikka,Veitsisyrjä 
31.08408, 62.48542, Joutenjärven Laavu Joutenjärven Laavu,Veitsisyrjä 
24.99386, 61.69952, Lortikan nuotiopaikka hyvä tie perille mutta puomi kylläkin joskus auki ,Velu 
25.658775, 61.130094, Antin Automuseo/Vähälän tila 040,Vesivehmaa
29.14456, 63.2832, Ylemmäisenjärven Tulipaikka Ylemmäisenjärven Tulipaikka,Vihtasuo 
24.221025, 60.446978, Vanjärven lintutorni 2,Vihti 
22.61372, 61.77626, Ruska laavu pystyy yöpymään perille mp:lla ja autolla ,Vihu 
22.62345, 61.76453, Laurin laavu voi yöpyä mp:llä ja autolla perille ,Vihu 
22.6436, 61.78264, Jättikota voi yopya tästä noin 300m perille mp:lla pääsee ,Vihu 
22.69181, 61.77585, Sormelan laavu pystyy yöpymään tästä matkaa n100m ,Vihu 
22.51596, 61.79183, Vihreä laavu voi yöpyä perille mp:llä ehkä myös autolla ,Vihusaari 
22.5218, 61.80468, Yleisharjun laavu voi yöpyä perille mp:llä ehkä myös autolla? ,Vihusaari 
26.125119, 63.164245,"Heinä-suvannon lintutorni 3m, 1-tasoinen",Viitasaari 
26.153735, 63.154872," Heinä-suvannon lintutorni, uusi, 3m, osin katettu",Viitasaari 
23.795324, 63.126897, Katajalahden lintutorni ,Vimpeli 
28.8317, 62.63925, Laitasaaren Tulipaikka 1 Laitasaaren Tulipaikka 1,Viuruniemi 
28.83708, 62.63896, Laitasaaren Tulipaikka 2 Laitasaaren Tulipaikka 2,Viuruniemi 
23.05177, 62.60432, Viitasaaren Tulipaikka Viitasaaren Tulipaikka,Vuolet 
26.00954, 62.28039, Savion Laavu Savion Laavu,Vuontee 
26.01198, 62.28511, Savion Tulipaikka Savion Tulipaikka,Vuontee 
29.79809, 63.10443, Kolin Tulipaikka Kolin Tulipaikka,Yläkoli 
29.82932, 63.07468, Ikolanahon Tulipaikka Ikolanahon Tulipaikka,Yläkoli 
29.8333, 63.0918, Likolahden Tulipaikka 2 Likolahden Tulipaikka 2,Yläkoli 
29.83356, 63.08998, Likolahden Tulipaikka 1 Likolahden Tulipaikka 1,Yläkoli 
29.87008, 63.05779, Kirkkokallion Tulipaikka Kirkkokallion Tulipaikka,Yläkoli 
29.87768, 63.11007, Pienikorpin Tulipaikka Pienikorpin Tulipaikka,Yläkoli 
29.52858, 62.62911, Harinjärven Laavu Liperi Harinjärven Laavu Liperi,Ylämylly 
24.81618, 63.40889, Jatkojärven Tulipaikka Jatkojärven Tulipaikka,Yli
22.797618, 63.136927, Ylihärmän museo Rannanj,Ylihärmä 
22.858333, 63.075, Kotiseututalo keskikangas (+35864847435). Talon vanhin osa on rakennettu 1770,Ylihärmä 
19.949541, 60.333002, Tjudön viinitila Puh: 018 48191 / 045- 70721192. ,
