"65.742354"	"24.576449"	"St1 Kemi Karjalahti Karjalahdenkatu 34 94600 Kemi"
" 61.4594"	"22.0121"	"St1 Ulvila Kyläraitti Kylänraitti 3 29310 Ulvila"
" 61.6337"	"21.4154"	"St1 Pori Truck Tahkoluoto Tahkoluodon Öljysatama 28900 Pori"
"61.063716"	"24.343326"	"St1 Parola  Terätie 3 13720 Hattula"
" 60.2808"	"25.0835"	"St1 Vantaa Porttisuo Salpakuja 4 01200 Vantaa"
"60.747198"	"24.779507"	"St1 Riihimäki Petsamo Karankatu 15 11120 Riihimäki"
"61.517237"	"23.659233"	"St1 Tampere Lielahti Taninkatu 8 33400 Tampere"
"67.429279"	"26.578078"	"St1 Sodankylä Ratsutie 2 99600 Sodankylä"
"61.502909"	"23.578719"	"St1 Tampere Myllypuro Kolmihaarankatu 6 33330 Tampere"
"63.099611"	"23.035810"	"St1 Kauhava Kalliokoskentie Kalliokoskentie 2 62200 Kauhava"
"65.763969"	"24.563420"	"St1 Kemi Varikonkatu Varikonkatu 1 94200 Kemi"
" 61.4945"	"23.7604 "	"St1 Tampere Marine Ratinanniemi Ratinanniemi 33200 Tampere"
" 61.5040"	"23.7452"	"St1 Tampere Marine Mustalahti Mustalahti 33230 Tampere"
"61.614357"	"23.876609"	"St1 Tampere Kämmenniemi Kaitavedentie 1087 34240 Kämmenniemi"
"60.374765"	"25.018146"	"St1 Tuusula Haukantie Haukantie 4 4330 Tuusula"
"60.453578"	"22.253632"	"St1 Turku Ratapihankatu Ratapihankatu 27 20100 Turku"
"60.7743"	"23.3633"	"St1 Ypäjä Turuntie 134 32100 Ypäjä"
" 61.1795"	"25.5448"	"St1 Vääksy Marine Kanavalahti Kanavalahti 17200 Vääksy"
"65.9145"	"24.1378"	"St1 Vojakkala Jokivarrentie 810 95500 Tornio"
"60.583574"	"27.707659"	"St1 Virolahti Virojoentie Virojoentie 17b 49900 Virolahti"
"63.0461082"	"25.7279807"	"St1 Viitasaari Sininentie 7 44500 Viitasaari"
"62.367209"	"25.887122"	"St1 Vihtavuori Vihtavuorentie Vihtavuorentie 2 41330 Vihtavuori"
"61.120621"	"25.640332"	"St1 Vesivehmaa Rinnetie Rinnetie 1 17130 Vesivehmaa"
" 62.1440"	"23.6637"	"St1 Vaskivesi Vaskivedentie 1415 34710 Virrat"
"60.8022"	"21.4657"	"St1 Uusikaupunki Betorantie 2 23500 Uusikaupunki"
"60.359715"	"25.181079"	"St1 Sipoo Jokivarrentie Jokivarrentie 29 04130 Sipoo"
"61.152132"	"28.073912"	"St1 Taipalsaari Taipaltie 1 54920 Taipalsaari"
"61.3470"	"27.1858"	"St1 Suomenniemi Mäntyharjuntie 1091  52830 Suomenniemi"
"61.7911"	"28.3603"	"St1 Sulkava Alanteentie 52 58700 Sulkava"
"63.665679"	"27.523013"	"St1 Sonkajärvi Rutakontie 47 74300 Sonkajärvi"
"61.475207"	"24.328597"	"St1 Kangasala Sahalahti Sahalahdentie 1269 36420 Sahalahti"
"60.458844"	"26.191448"	"St1 Loviisa Länsikaari Länsikaari 1 07900 Loviisa"
"66.498277"	"25.705266"	"St1 Rovaniemi Ounasrinne Kivikaudentie 1 96400  Rovaniemi"
"61.513257"	"27.242161"	"St1 Ristiina Brahentie 1 52300 Ristiina"
"63.077784"	"27.650616"	"St1 Pöljä Viitonen 3140 71820 Siilinjärvi"
"66.108633"	"28.177471"	"St1 Posio Posiontie 22 97900 Posio"
"65.3610"	"26.9867"	"St1 Pudasjärvi Varsitie Varsitie 1 93100 Pudasjärvi"
"64.9971"	"25.4618"	"St1 Oulu Limingantulli Kempeleentie 9 90400 Oulu"
"61.6927"	"24.3548 "	"St1 Orivesi Teollisuustie Teollisuustie 35300 Orivesi"
"61.682"	"24.3567 "	"St1 Orivesi Keskusta Keskustie 54 35300 Orivesi"
"65.4643466"	"25.3816916"	"St1 Olhava Asematie 1 91140 Olhava"
"61.4967"	"23.5327"	"St1 Nokia Öljytie Öljytie 8 37130 Nokia"
"61.3657321"	"22.0047820"	"St1 Nakkila Palvelukeskus Kauppatie 1 29250 Nakkila"
"60.682995"	"21.988951"	"St1 Mynämäki Kirkkokatu Kirkkokatu 2 23100 Mynämäki"
"61.689018"	"27.220129"	"St1 Mikkeli Tusku Insinöörinkatu 2 50600 Mikkeli"
"61.672048"	"27.200880"	"St1 Mikkeli Rantakylä Rantakyläntie 1 50600 Mikkeli"
"60.1236"	"19.9433"	"St1 Maarianhamina Edos Gamla Godbyvägen 22100 Maarianhamina"
"60.678034"	"21.707994"	"St1 Vinkkilä Kiikoistentie 2, 23200 Vinkkilä"
"60.928635"	"27.630677"	"St1 Luumäki Urontie Urontie 1 54510 Luumäki"
"63.248681"	"22.853499"	"St1 Kauhava Alahärmä Härmäntie 2 62300 Kauhava"
"62.535642"	"29.403194"	"St1 Liperi Kuusikkolantie Kuusikkolantie 1 83100 Liperi"
"62.4900"	"27.7651 "	"St1 Leppävirta 5-tie Kokoojatie 3 79100 Leppävirta"
" 59.9092"	"23.2967"	"St1 Hanko Marine Lappohja  Predium Venesatama 10820 Lappohja"
"61.786055"	"24.390514"	"St1 Korkeakoski Koskitie 2 35500 Juupajoki"
"61.255649"	"22.356236"	"St1 Kokemäki Keskusta Kokemäki 32800 Kokemäki"
"63.643964"	"26.607779"	"St1 Kiuruvesi Tulotie Tulotie 10 74700 Kiuruvesi"
"63.4888872"	"23.7655435"	"St1 Kaustinen Valtatie Kokkolantie 3 69600 Kaustinen"
"62.140024"	"22.563464"	"St1 Karvia Kyläkarviantie Kylä-karviantie 27 39930 Karvia"
"62.218884"	"25.769137"	"St1 Jyväskylä Kuokkala Pohjanlahdentie 19 40350 Jyväskylä"
"61.8079"	"27.6049"	"St1 Juva Kielkallio Viitostie 1393 51760 Nuutilanmäki"
" 61.9916"	"22.2419"	"St1 Honkajoki Pohjanmaantie Pohjanmaantie 99 38950 Honkajoki"
"61.2013"	"26.0248 "	"St1 Heinola Marine Venesatama Venesatama 18100 Heinola"
"61.310832"	"22.134098"	"St1 Harjavalta Asema-aukio 29200 Harjavalta"
"62.543511"	"29.839401"	"St1 Joensuu Pyhäselkä Reijola Vanha Valtatie 6 80330 Joensuu"
"61.1218922"	"22.1387262"	"St1 Eura Eurantie Eurantie 115 27510 Eura"
"60.238039"	"24.595075"	"St1 Espoo Automat Nupuri Nupurinkalliontie 1 02820 Espoo"
"60.765189"	"26.785014"	"St1 Kouvola Myllykoski Hämeentie 3 46800 Kouvola"
"66.514612"	"25.665382"	"St1 Rovaniemi Vaaranlammentie Vaaranlammentie 1 96100 Rovaniemi"
"66.9568"	"26.2967"	"St1 Käyrämö Sodankyläntie 6789, Tiainen 97540 Rovaniemi"
" 60.4842"	"25.3693"	"St1 Pornainen Monninkyläntie Hevonselkä 07170 Pornainen"
"66.3779020"	"23.6969780"	"St1 Aavasaksa Kilpisjärventie Kilpisjärventie 650 95620 Ylitornio"
"63.232105"	"23.628462"	"St1 Lappajärvi Kankaantie 2 62600 Lappajärvi"
"60.6752"	"25.3516"	"St1 Mäntsälä Pohjoinen Pohjoinen Pikatie 8 04600 Mäntsälä"
"60.056726"	"24.023212"	"St1 Inkoo Valtatie 51 Tähteläntie 46 10210 Inkoo"
"62.872060"	"27.624030"	"St1 Kuopio Levänen Leväsentie 5 70700 Kuopio"
"62.800406"	"22.845692"	"St1 Seinäjoki Itikka Rengastie 2 60120 Seinäjoki"
"61.643590"	"23.189907"	"St1 Hämeenkyrö Kärrykuja Kärrykuja 7 39100 Hämeenkyrö"
"62.245465"	"25.727251"	"St1 Jyväskylä Viitaniemi Nisulankatu 52 40720 Jyväskylä"
"60.901281"	"24.291865"	"St1 Hämeenlinna Renko Topenontie 8 14300 Hämeenlinna"
" 61.0986"	"24.1681"	"St1 Hämeenlinna Iittala Kalvola Heinuntie 1 14500 Hämeenlinna"
"63.928538"	"24.968369"	"St1 Nivala Toritie Toritie 13 85500 Nivala"
"62.7330710"	"22.5817516"	"St1 Ilmajoki Mikontie  Mikontie 1 60800 Ilmajoki"
"61.518758"	"25.999274"	"St1 Hartola Pohjolanraitintie Pohjolanraitintie 9 19620 Hartola"
"62.892839"	"27.670810"	"St1 Kuopio Keskusta Tulliportinkatu 54 70110 Kuopio"
"60.486504"	"26.906924"	"St1 Kotka Metsola Huoltokatu 1 48220 Kotka"
"61.701716"	"23.264267"	"St1 Viljakkala Ylöjärventie 1 39310 Viljakkala"
"64.215261"	"27.777924"	"St1 Kajaani Kehräämöntie Kehräämöntie 20 87400 Kajaani"
"62.498772"	"22.743758"	"St1 Jalasjärvi Rantatie Rantatie 22 61600 Jalasjärvi"
"60.197943"	"24.929008"	"St1 Helsinki Automat Pasila Veturitie Veturitie 8 00250 Helsinki"
"62.714580"	"28.987529"	"St1 Outokumpu Keretintie 1 83500 Outokumpu"
"62.616385"	"29.555797"	"St1 Ylämylly Ylämyllyntie Ylämyllyntie 75 80400 Ylämylly"
" 62.60111"	"29.77528"	"St1 Joensuu Keskusta Asemakatu 80100 Joensuu"
"62.854455"	"29.364354"	"St1 Polvijärvi Yhdystie Yhdystie 5 83700 Polvijärvi"
"62.119004"	"30.101721"	"St1 Kitee Kiteentie 49 82500 Kitee"
"61.458895"	"23.761835"	"St1 Tampere Lakalaiva Korjaamonkatu 3 33840 Tampere"
"62.290543"	"27.105844"	"St1 Pieksämäki Tukikohdantie Tukikohdantie 10 76150 Pieksämäki"
"60.244458"	"24.889135"	"St1 Helsinki Automat Kannelmäki Kaarelantie 84 00400 Helsinki"
"63.156457"	"21.822699"	"St1 Mustasaari Koivulahti Kokkolantie 1134 66530 Koivulahti"
"60.904087"	"26.605282"	"St1 Kouvola Kuusankoski Kiltakuja Kiltakuja 45700 Kouvola"
"60.6383"	"23.5130"	"St1 Somero Tehdastie Tehdastie 31400 Somero"
"61.0692016"	"28.2839869"	"St1 Lappeenranta Hakali Kontiontie 2 53200 Lappeenranta"
"61.478913"	"23.763357"	"St1 Tampere Hatanpää Lokomonkatu 25 33900 Tampere"
"60.7070995"	"22.7410074"	"St1 Pöytyä Sahatie Sahatie 1 21800 Pöytyä"
"60.498252"	"25.088476"	"St1 Järvenpää Yrittäjänkatu Yrittäjänkatu 1 04440 Järvenpää"
"61.000105"	"24.458274"	"St1 Hämeenlinna Keskusta Tampereentie 3 13100 Hämeenlinna"
"60.221890"	"24.672154"	"St1 Espoo Automat Bemböle Turuntie 203 02740 Espoo"
"60.2406"	"24.7001"	"St1 Espoo Automat Auroranportti Kyläportti 16 02940 Espoo"
"60.173972"	"24.661345"	"St1 Espoo Latokaski Ohrakaskenmäki 2 02340 Espoo"
"62.839681"	"27.645869"	"St1 Kuopio Petonen Petosentie 6 70820 Kuopio"
"60.441356"	"26.889780"	"St1 Kotka Mussalo Kotolahdentie 48310 Kotka"
"61.715901"	"23.547551"	"St1 Ylöjärvi Kyrönlahti Kyrönlahdentie 2 34150 Ylöjärvi"
"60.190579"	"24.955004"	"St1 Helsinki Automat Vallila Satamaradankatu 4 00510 Helsinki"
"62.792377"	"22.870157"	"St1 Seinäjoki Päivölänkatu Päivölänkatu 39 60100 Seinäjoki"
"60.613353"	"21.710587"	"St1 Rautila Vehmaa Kustavintie 3384 23260 Rautila"
"62.6968"	"25.2913"	"St1 Saarijärvi Jyväskyläntie 31  43100 Saarijärvi"
"60.258694"	"25.063025"	"St1 Helsinki Automat Tattarisuo Tattarisuontie 1 00770 Helsinki"
"60.879803"	"26.665440"	"St1 Kouvola Kuusankoski Katajaharju Katajaharjuntie 45720 Kouvola"
"60.960826"	"24.439039"	"St1 Hämeenlinna Turuntie Turun valtatie 199 13430 Hämeenlinna"
" 61.8640"	"21.6383"	"St1 Merikarvia Kievarintie Kievarintie 8 29790 Merikarvia"
"60.353794"	"25.078072"	"St1 Vantaa Korso Urpiaisentie 5 01450 Vantaa"
"61.171860"	"28.754878"	"St1 Imatra Lappeentie Lappeentie 45 55100 Imatra"
"60.802964"	"23.606766"	"St1 Forssa Automat Tuomolankatu Tuomolankatu 1 30100 Forssa"
"67.348209"	"23.826388"	"St1 Kolari Heikkiläntie Heikkiläntie 36 95900 Kolari"
"60.469887"	"22.356942"	"St1 Kaarina Ravattula Reivikatu 3 20780 Kaarina"
"60.153216"	"24.537565"	"St1 Masala Salmitie Salmitie 1 2430 Kirkkonummi"
"60.403375"	"25.687886"	"St1 Porvoo Tarmola Teollisuustie 14 06150 Porvoo"
"60.457092"	"24.821756"	"St1 Nurmijärvi Kauppanummenkuja Kauppanummenkuja 2 01900 Nurmijärvi"
"60.141648"	"24.671067"	"St1 Espoo Automat Soukka Soukantie 13 02320 Espoo"
"60.563668"	"27.157238"	"St1 Hamina Helsingintie Helsingintie 1b 49410 Hamina"
"60.379495"	"25.612133"	"St1 Porvoo Eestinmäki Suopellontie 1 06450 Porvoo"
"60.5401859"	"22.3059075"	"St1 Turku Moisio Moisionkouluntie 27 20400 Turku"
"60.297341"	"24.952789"	"St1 Vantaa Virkatie Virkatie 7 01510 Vantaa"
"60.378701"	"24.758679"	"St1 Klaukkala Viirintie Viirintie 7-9 01800 Nurmijärvi"
"65.844877"	"24.177065"	"St1 Tornio Torpinkatu Torpinkatu 3 95420 Tornio"
"62.258599"	"25.778555"	"St1 Jyväskylä Seppälä Ahjokatu 4 40320 Jyväskylä"
"60.495834"	"22.202853"	"St1 Raisio Hauninen Allastie 1 21200 Raisio"
"60.449707"	"22.694787"	"St1 Paimio Vistantie Vistantie 53 21530 Paimio"
"60.4654"	"22.4125"	"St1 Lieto Loukinaistentie 1 21420 Lieto"
"60.337340"	"22.368830"	"St1 Parainen Lielahdentie 3 21610 Parainen"
"60.223776"	"24.847104"	"St1 Helsinki Automat Mäkkylä Turuntie 2 00370 Helsinki"
"60.253310"	"24.821730"	"St1 Vantaa Rajatorppa Köysikuja 1 01640 Vantaa"
"61.471203"	"24.031844"	"St1 Kangasala Suorama / Kangasalantie Kangasalantie 921 36200 Kangasala"
"61.986674"	"26.637430"	"St1 Kangasniemi Kankaistentie Kankaistentie 51200 Kangasniemi"
"61.318691"	"23.911545"	"St1 Lempäälä Helsingintie Helsingintie 991 37500 Lempäälä"
"61.318455"	"23.750636"	"St1 Lempäälä Kulju Lempäälä Tampereentie 272 37500 Lempäälä"
"60.883146"	"26.385521"	"St1 Kausala Niinimäentie Niinimäentie 1 47400 Kausala"
"60.629898"	"25.307858"	"St1 Mäntsälä Keskusta Lahdentie 23 04600 Mäntsälä"
" 63.3598"	"23.4677"	"St1 Evijärvi Kaustisentie Kaustisentie 1 62500 Evijärvi"
" 61.3317"	"22.9215"	"St1 Sastamala Vammala Itsenäisyydentie 15 38200 Sastamala"
"60.473178"	"22.224126"	"St1 Turku Länsikeskus Viilarinkatu 8 20320 Turku"
"63.678751"	"22.737512"	"St1 Pietarsaari Vaunusepäntie Vaunusepäntie 12 68600 Pietarsaari"
"60.445837"	"22.379892"	"St1 Littoinen Uusi Littoistentie Uusi Littoistentie 48 20660 Littoinen"
"63.833871"	"23.065420"	"St1 Kokkola Koivuhaka Ahertajantie 1 67100 Kokkola"
"62.021980"	"25.572425"	"St1 Jyväskylä Korpilahti Petäjävedentie 1 41800 Jyväskylä"
"60.180192"	"24.759478"	"St1 Espoo Automat Olarinluoma Olarinluoma 17 02200 Espoo"
"60.160407"	"24.694079"	"St1 Espoo Automat Suomenoja Martinsillantie 10 02270 Espoo"
"62.6193"	"22.4234"	"St1 Kurikka Kaskistentie Kaskistentie 67 61300 Kurikka"
"60.309054"	"25.027881"	"St1 Vantaa Simonkylä Vanamontie 13 01350 Vantaa"
"62.618370"	"29.750321"	"St1 Joensuu Kuurnankatu Kuurnankatu 31 80100 Joensuu"
"62.316822"	"27.855901"	"St1 Varkaus Käsityökatu Käsityökatu 22 78200 Varkaus"
"62.6279"	"29.7748"	"St1 Joensuu Automat Raatekangas Raatekankaantie 4 80100 Joensuu"
" 60.9408"	"25.6414"	"St1 Lahti Renkomäki Laatukatu 23 15680 Lahti"
"61.348042"	"24.242100"	"St1 Pälkäne Onkkaalantie Onkkaalantie 50366 Pälkäne"
"63.193588"	"27.528716"	"St1 Maaninka Mustanvirrantie Mustanvirrantie 2 71730 Kinnulanlahti"
"63.981947"	"25.757451"	"St1 Kärsämäki Lähteentie Lähteentie 1 86710 Kärsämäki"
"60.277660"	"24.810697"	"St1 Vantaa Petikko Tiilipojanlenkki 2 01720 Vantaa"
"60.207099"	"25.053767"	"St1 Helsinki Herttoniemi Sahaajankatu 50 00880 Helsinki"
"60.609461"	"24.806619"	"St1 Hyvinkää Veikkari Veikkarinkatu 9 05840 Hyvinkää"
"61.468253"	"23.718088"	"St1 Pirkkala Kenkätie Kenkätie 2 33950 Pirkkala"
"63.165618"	"28.089629"	"St1 Nilsiä Huoltamontie Huoltamontie 4 73300 Nilsiä"
"60.586243"	"26.977494"	"St1 Tavastila Tavastilantie Tavastilantie 385 49300 Tavastila"
"61.261169"	"24.354016"	"St1 Pälkäne Hämeenlinnantie Hämeenlinnantie 165 36660 Laitikkala"
"61.268493"	"24.400344"	"St1 Pälkäne Lahtitie Vuolijoentie 60 36660 Laitikkala"
" 61.3618"	"24.6415"	"St1 Luopioinen Teollisuustie 5 36760 pälkäne"
"60.978772"	"25.548296"	"St1 Hollola Kunnantie  Kunnantie 2 15870 Hollola"
"61.322520"	"29.104622"	"St1 Simpele Karjalantie 2425 56730 Simpele"
"60.384344"	"24.084510"	"St1 Koisjärvi Somerontie Somerontie 10 09630 Nummi-Pusula"
"60.1790749"	"23.9986184"	"St1 Lohja Hankoniementie Hankoniementie 546 08700 Lohja"
"61.812736"	"22.379690"	"St1 Kankaanpää Keskuskatu Keskuskatu 3 38700 Kankaanpää"
"64.486939"	"24.999409"	"St1 Vihanti Vanha Kantatie Vanha Kantatie 26  86400 Vihanti"
"63.724502"	"23.031168"	"St1 Kronoby Kronobyvägen 13 68500 Kronoby"
"60.167667"	"22.737794"	"St1 Kemiönsaari Kimito Gästgivargränd 2 25700 Kemiö"
" 60.0190"	"22.5108 "	"St1 Kemiönsaari Marine Dragsfjärd (Dalsbruk/Taalintehdas) Rantatie 1 25900 Kemiönsaari"
"61.168964"	"25.550952"	"St1 Vääksy Huoltorinne Huoltorinne 8 17200 Vääksy"
"66.716380"	"27.427273"	"St1 Kemijärvi Kirkkokatu 1 98100 Kemijärvi"
"60.389348"	"23.121293"	"St1 Salo Turuntie Turuntie 18 24240 Salo"
"60.2231258"	"19.5596135"	"St1 Eckerö Marbyvägen Marbyvägen 275, Storby 22270 Eckerö"
"61.465482"	"24.055544"	"St1 Kangasala Kangasalantie Kangasalantie 1070 36200 Kangasala"
"60.209226"	"24.738520"	"St1 Kauniainen Bensowinkuja Bensowinkuja 2 02700 Kauniainen"
"68.649417"	"27.543617"	"St1 Ivalo Ivalontie Ivalontie 21 99800 Ivalo"
"63.212296"	"24.424207"	"St1 Perho Jyväskyläntie 22 69950 Perho"
"62.0220152"	"24.5047326"	"St1 Mänttä-Vilppula Virtaintie Virtaintie 1 35700 Mänttä-Vilppula"
"62.479066"	"21.372196"	"St1 Närpes Nixvägen Nixvägen 28 a 64200 Närpes"
"60.298927"	"24.904044"	"St1 Vantaa Voutila Nuolitie 1 01740 Vantaa"
"61.123879"	"21.504244"	"St1 Rauma Nortamonkatu Nortamonkatu 19 26100 Rauma"
" 62.9353"	"22.5120"	"St1 Seinäjoki Ylistaro Seinäjoentie 20 61400 Seinäjoki"
" 61.6546"	"23.1765"	"St1 Hämeenkyrö Nuijamiestentie Nuijamiestentie 51 39100 Hämeenkyrö"
"63.158823"	"23.834004"	"St1 Vimpeli Riippusillantie Riippusillantie 2 62800 Vimpeli"
"61.903301"	"29.811330"	"St1 Kesälahti Kesälahdentie 1 59800 Kesälahti"
"63.105929"	"21.601524"	"St1 Vaasa Onkilahdenkatu Onkilahdenkatu 2 65200 Vaasa"
"61.870947"	"25.237868"	"St1 Jämsä Patalahti Patalahdentie 20 42100 Jämsä"
"60.483368"	"22.170622"	"St1 Raisio Keskusta Kirkkoväärtinkuja 2 21200 Raisio"
"63.521868"	"22.529409"	"St1 Nykarleby Sollefteågatan 7 66900 Nykarleby"
"62.2562143"	"24.6998898"	"St1 Keuruu Automat Kangasmannilantie 20 42700 Keuruu"
"62.983017"	"27.732959"	"St1 Siilijärvi Ranta-Toivalantie Ranta-Toivalantie 1 70900 Siilinjärvi"
" 60.9847"	"25.4210"	"St1 Hollola Tampereentie Tampereentie 333 15880 Hollola"
" 62.0109"	"23.0181"	"St1 Parkano Keskuskatu Keskuskatu 10 39700 Parkano"
" 61.3664"	"21.6477"	"St1 Luvia Yhdystie Yhdystie 43 29100 Luvia"
"61.360503"	"21.991561"	"St1 Nakkila Huoltamotie Huoltamotie 1 29250 Nakkila"
" 64.2559"	"23.9379"	"St1 Kalajoki Kokkolantie Kokkolantie 2 85100 Kalajoki"
"62.254924"	"21.503503"	"St1 Lapväärtti Lappfjärdsvägen 693 64300 Lapväärtti"
"60.942456"	"23.363601"	"St1 Humppila Lasitehtaantie Lasitehtaantie 5 31640 Humppila"
"62.4190"	"25.9432"	"St1 Laukaa Yläniementie Yläniementie 51 41340 Laukaa"
"60.965868"	"25.659376"	"St1 Lahti Pohjoinen Liipolankatu Pohjoinen Liipolankatu 5 15500 Lahti"
"60.466562"	"22.031604"	"St1 Naantali Alppilankatu Alppilankatu 1 21100 Naantali"
"60.445825"	"22.283906"	"St1 Turku Automat Kupittaankatu Kupittaankatu 20 20700 Turku"
"60.436242"	"22.248268"	"St1 Turku Stålarminkatu Stålarminkatu 32 20810 Turku"
"63.319287"	"30.019024"	"St1 Lieksa Mönninkatu Mönninkatu 30 81700 Lieksa"
" 61.7571"	"23.0359"	"St1 Ikaalinen Kolmostie 670 39500 Ikaalinen"
"65.728908"	"24.584313"	"St1 Kemi Eteläntie Eteläntie  9 94700 Kemi"
"62.743372"	"29.863203"	"St1 Kontiolahti Huoltamotie Huoltamotie 10 81100 Kontiolahti"
"64.1592462"	"24.3061377"	"St1 Alavieska Hankalantie 2 85200 Alavieska"
"61.695950"	"27.282020"	"St1 Mikkeli Mannerheimintie Mannerheimintie 7 50100 Mikkeli"
"61.112727"	"23.102588"	"St1 Punkalaidun Lauttakyläntie 9 31900 Punkalaidun"
"63.360268"	"27.755979"	"St1 Varpaisjärvi Kauppatie Kauppatie 22 73200 Varpaisjärvi"
"60.485698"	"25.892942"	"St1 Pernaja Truck Vanhankyläntie Vanhankyläntie 77 07740 Pernaja"
"60.465540"	"25.087395"	"St1 Järvenpää Urheilukatu Urheilukatu 15 04400 Järvenpää"
"60.736654"	"24.568139"	"St1 Loppi Launonen Lopen kantatie 850 12540 Launonen"
"60.702459"	"22.762062"	"St1 Pöytyä Ollilantie Ollilantie 7 21800 Pöytyä"
"60.4541"	"24.8403"	"St1 Nurmijärvi Myllykukko Ilvesvuorenkatu 2 01900 Nurmijärvi"
"60.8558943"	"23.0355668"	"St1 Loimaa Kartanomäenkatu Kartanomäenkatu 2 32200 Loimaa"
"60.2260"	"23.1227"	"St1 Salo Perniö Perniöntie 1892 25500 Perniö"
"62.806589"	"22.880940"	"St1 Nurmo Hyllykallio Kaarretie 3 60510 Hyllykallio"
"62.972258"	"23.001973"	"St1 Lapua Poutuntie Poutuntie 18 62100 Lapua"
"65.0027"	"25.4641"	"St1 Oulu Limingantie 5 90400 Oulu"
"62.6986"	"25.2820"	"St1 Saarijärvi Jyväskyläntie Jyväskyläntie 34   43100 Saarijärvi"
"63.497354"	"28.304383"	"St1 Rautavaara Savontie 1 73900 Rautavaara"
"60.102922"	"19.942398"	"St1 Maarianhamina Strandgatan 1 b 22100 Maarianhamina"
" 62.4536"	"22.2224"	"St1 Kauhajoki Aronkylä Seinäjoentie 113 61850 Kauhajoki as"
"61.479986"	"23.526454"	"St1 Nokia Yrittäjäkatu Yrittäjäkatu 1 37100 Nokia"
"60.380291"	"23.957822"	"St1 Saukkola Sammatintie Sammatintie 1 09430 Saukkola"
"62.87264"	"24.20928"	"St1 Soini Multiantie Multiantie 7 63800 Soini"
"62.252080"	"25.192806"	"St1 Petäjävesi Karikontie Karikontie 1 41900 Petäjävesi"
"66.515372"	"25.785055"	"St1 Saarenkylä Napapiirintie Napapiirintie 2 96900 Saarenkylä"
"64.210586"	"27.731934"	"St1 Kajaani Sotkamontie Sotkamontie 20 87300 Kajaani"
" 64.8870"	"28.9126"	"St1 Suomussalmi Jalonniemi Jalonkaarre 1 89600 Suomussalmi"
" 61.9072"	"29.2616"	"St1 Kerimäki Kerimäentie Kerimäentie 1 58200 Kerimäki"
"60.240577"	"24.741642"	"St1 Espoo Lähderanta Pitkäjärventie 1 02720 Espoo"
"61.486351"	"23.836144"	"St1 Tampere Automat Messukylänkatu Messukylänkatu 29 33700 Tampere"
"61.203811"	"26.037733"	"St1 Heinola Siltakatu Siltakatu 26 18100 Heinola"
"63.039145"	"21.744079"	"St1 Mustasaari Rantatie (Lentoasema) Rantatie 1 65520 Helsingby"
"64.997068"	"25.483316"	"St1 Oulu Poratie Poratie 1 90150 Oulu"
"61.220455"	"28.827631"	"St1 Imatra Vuoksenniskantie Vuoksenniskantie 61 55800 Imatra"
"68.385925"	"23.604814"	"St1 Enontekiö Hetantie 2 99400 Enontekiö"
"60.219946"	"24.822004"	"St1 Espoo Automat Leppävaara Hannu Olavinpojantie 3 02600 Espoo"
" 59.9768"	"23.8758"	"St1 Inkoo Marine Barösund  Barösundintie 711 10270 Barösund"
"60.940482"	"26.621081"	"St1 Kouvola Voikkaa Mattilantie 1 45910 Kouvola"
"60.565903"	"27.190505"	"St1 Hamina Satamakatu Satamakatu 1 49400 Hamina"
"61.897388"	"27.854272"	"St1 Juva Yhdystie  Yhdystie 5 51900 Juva"
"61.684656"	"27.248323"	"St1 Mikkeli Otavankatu Otavankatu 13 50130 Mikkeli"
" 61.4795"	"21.7572"	"St1 Pori Eteläväylä Eteläväylä 28610 Pori"
"60.301886"	"22.302017"	"St1 Parainen Rantatie Rantatie 21600 Parainen"
"60.570790"	"22.101056"	"St1 Masku Seikeläntie Seikeläntie 2 21250 Masku"
"60.4635633"	"22.3239244"	"St1 Turku Halinen Gregorius IX:n tie 12 20540 Turku"
"63.090203"	"21.684097"	"St1 Vaasa Kuninkaantie Kuninkaantie 67 65320 Vaasa"
"60.513067"	"26.918604"	"St1 Kotka Kalevantie Kalevantie 2 48600 Karhula"
"61.869053"	"28.870784"	"St1 Savonlinna Tulliportinkatu Tulliportinkatu 14 57100 Savonlinna"
"64.226672"	"27.722278"	"St1 Kajaani Sissikatu Sissikatu 14 87100 Kajaani"
"60.2475"	"24.5417"	"St1 Espoo Truck Ämmässuontie Ämmässuontie 2 02820 Espoo"
"60.991320"	"24.484651"	"St1 Hämeenlinna Truck Kantolankatu Kantolankatu 9 13110 Hämeenlinna"
"63.676770"	"22.737505"	"St1 Pietarsaari Truck Permonkaarre Permonkaarre 1 68600 Pietarsaari"
"61.896254"	"27.808050"	"St1 Juva Truck ABC Tulostie Tulostie 1 51900 Juva"
"62.190984"	"25.691526"	"St1 Jyväskylä Truck Keljonkangas Eteläväylä 17 40530 Jyväskylä"
"60.7070995"	"22.7410074"	"St1 Pöytyä Truck Sahatie Sahatie 7 21800 Pöytyä"
"61.501569"	"23.868322"	"St1 Tampere Pappila Teiskontie 61 33560 Tampere"
"61.468672"	"21.806346"	"St1 Pori Truck Satakunnankatu Satakunnankatu 43 28130 Pori"
"61.181364"	"23.888649"	"St1 Akaa Truck Toijala  Satamatie 43 37800 Akaa"
"61.452988"	"23.642507"	"St1 Pirkkala Truck ABC Keisarinviitta Keisarinviitta 2 33960 Pirkkala"
"60.489986"	"26.525448"	"St1 Pyhtää Truck ABC Pyhtääntie Pyhtääntie 38-40 49270 Pyhtää"
"60.899025"	"26.745618"	"St1 Kouvola Truck ABC Valkeala Kalevantie 1 45370 Kouvola"
"61.422621"	"26.434564"	"St1 Kuortti Truck Mäyrätie Mäyrätie 1 19410 Pertunmaa"
"60.447674"	"22.209090"	"St1 Turku Truck Pansiontie Pansiontie 14 20240 Turku"
"60.518213"	"24.246611"	"St1 Karkkila Truck Santasalonkatu Santasalonkatu 03600 Karkkila"
" 63.1894"	"26.3445"	"St1 Keitele Sininentie Sininentie 205 72600 Keitele"
" 60.26826"	"24.45827"	"St1 Veikkola Soidentaantie 1 02880 Kirkkonummi"
"64.683286"	"24.482061"	"St1 Raahe Fellmanin puistokatu Fellmanin puistokatu 15 92100 Raahe"
"60.2181"	"25.1635"	"St1 Helsinki Truck Vuosaaren satama Laivanrakentajantie 1 00980 Helsinki"
"64.135742"	"28.346074"	"St1 St1 Sotkamo Ratatie Ratatie 15 88600 Sotkamo"
" 60.3344"	"24.3348"	"St1 Nummela Härköiläntie Härköiläntie 2 03100 Nummela"
"61.556659"	"23.561603"	"St1 Ylöjärvi Kumitie Kumitie 2 33470 Ylöjärvi"
" 59.8424"	"22.9467"	"St1 Hanko Marine Hangonkylän Hangonkylän satama 10940 Hanko"
"60.1497"	"24.8920 "	"St1 Helsinki Marine Lauttasaari Meriasema Lauttasaari, Vattuniemen Puistotie 1,  00210 Helsinki"
" 60.1739"	"24.9625"	"St1 Helsinki Marine Pohjoisranta Veneasema, Pohjoisranta 00170 Helsinki"
"60.4219"	"19.9125 "	"St1 Geta Marine Havsvidden Havsvidden 22340 Geta"
"66.376652"	"26.682089"	"St1 Vanttauskoski Kuusamontie  Kuusamontie 4947 97625 Rovaniemi"
" 62.2620"	"21.4851"	"St1 Kristiinankaupunki Truck Vanha Vaasantie Vanha Vaasantie 111 64300 Lapväärtti"
"63.1065"	"21.6472"	"St1 Vaasa Kivihaka Kivihaantie 4 65300  Vaasa"
"59.8189"	"22.9683 "	"St1 Hanko Marine Itäsatama Itäsatama 10900 Hanko"
"60.3987873"	"25.1106002"	"St1 Kerava Santaniitynkatu Santaniitynkatu 7 04250 Kerava"
"60.0982"	"24.2922 "	"St1 Pickala Truck Rannikkotie Rannikkotie 31 02580 Siuntio"
" 60.1925"	"25.0414"	"St1 Helsinki Automat Herttoniemi AW4 Abraham Wetterin tie 4 00810 Helsinki"
" 61.6705"	"24.2851"	"St1 Orivesi Truck Oritupa ABC Valtatie 9 35300  Orivesi"
" 62.4915"	"27.7855 "	"St1 Leppävirta Keskusta Leppävirrantie 24, 79100 Leppävirta"
" 61.4278"	"21.8754"	"St1 Ulvila Friitalantie  Friitalantie 18 28400 Ulvila"
" 60.1935"	"19.6183"	"St1 Eckerö Marine Notviken Notvikens stugor camping 22270 Eckerö"
"60.2354"	"19.5399 "	"St1 Eckerö Marine Hambergs Hambergs 22270 Eckerö"
"60.031820"	"20.388570 "	"St1 Föglö Marine Föglö Butiken 22710 Föglö"
"64.363509"	"25.886996"	"St1 Pulkkila Siikajoentie 2 92610 Siikalatva"
"63.8663"	"23.4542"	"St1 Kälviä Kälviäntie Kälviäntie 16 68300 Kokkola"
" 60.2182"	"24.7518"	"St1 Espoo Automat Karamalmi  Karapellontie 11 02610 Espoo"
" 60.1346"	"24.7271 "	"St1 Espoo Skata Marine Skatantie 36 02380 Espoo"
" 59.9842"	"24.4239 "	"St1 Kirkkonummi Porkkala Marine Dragetintie 108 02400 Kirkkonummi"
"59.9779613"	"23.4343917"	"St1 Ekenäs Gästhamn Norra Strandgatan 6 10600 Ekenäs"
" 61.2093"	"28.7173"	"St1 Imatra Marine Lammassaarentie Lammassaarentie 7 55420 Imatra"
" 63.3032"	"22.3787"	"St1 Oravainen Kokkolantie Kokkolantie 30 66800 Oravainen"
"61.0466790"	"28.2356484"	"St1 Lappeenranta Ajurinkatu  Ajurinkatu 2 53500 Lappeenranta"
"60.5041704"	"22.1311787"	"St1 Raisio Petäsmäki Honkakatu 1 21200 Raisio"
"60.6042099"	"24.8673306"	"St1 Hyvinkää Hakakallio Kalevankatu 20 05840 Hyvinkää"
"61.4210360"	"26.8920808"	"St1 Mäntyharju Vuoriniementie Vuoriniementie 2 52700  Mäntyharju"
" 60.2934"	"24.0659"	"St1 Lohja Truck ABC Karnainen Hossanmäentie 1 08700 Lohja"
"59.9856"	"23.4208 "	"St1 Raasepori Ekenäs Laiduntie 1,  Högbacka 10620 Ekenäs"
"60.3125"	"24.9710"	"St1 Vantaa Lentoasema Ilmailukuja 1 01530 Vantaa"
" 61.4984"	"21.8060"	"St1 Pori Toejoki Kolmiokatu 2 28200 Pori"
"63.5532115"	"29.1074388"	"St1 Nurmes Radantaus 1 75530 Nurmes"
"61.0715499"	"28.2646452"	"St1 Lappeenranta Lauritsala Asemakatu 12 53300 Lappeenranta"
"60.1100"	"20.6823"	"St1 Sottunga Andelshandel 22720 Sottunga"
"60.0893"	"19.9571"	"St1 Maarianhamina Småbåtsvarvet Östernäsvägen 22100 Maarianhamina"
"60.0979"	"19.9247"	"St1 Maarianhamina ÅSS Mariehamn Strandpromenaden 22100 Maarianhamina"
"60.3277"	"20.7657"	"St1 Enklinge Enklingebutiken 22830 Kumlinge"
"60.1942"	"24.7682"	"St1 Espoo Automat Mankkaa Mankkaantie 2 02180 Espoo"
"63.2787311"	"29.4467791"	"St1 Juuka Nunnalahdentie Nunnalahdentie 3 83900 Juuka"
"61.0079"	"24.4181"	"St1 Hämeenlinna Tiiriö Tiiriönsuontie 1 13130 Hämeenlinna"
"62.6142514"	"22.3968297"	"St1 Kurikka Saumantie Saumantie 2 61300 Kurikka"
"60.2408632"	"25.0035985"	"St1 Helsinki Pihlajamäki Rapakivenkuja 9 00710 Helsinki"
"60.2865481"	"25.0814901"	"St1 Vantaa Malmarinrinne Malmarinpolku 2 01380 Vantaa"
"63.8256904"	"23.1592278"	"St1 Kokkola Heinola Mestarintie 8 67600 Kokkola"
"60.0706"	"20.0855"	"St1 Lemland Söderby Norrbyvägen 20 22610 Lemland"
" 60.1904"	"24.9809"	"St1 Helsinki Automat Kyläsaari Kyläsaarenkatu 21 00550 Helsinki"
"69.3989650"	"25.8508148"	"Shell  Ylätenontie 30 99950 Karigasniemi"
"65.9553051"	"29.1596686"	"Shell Kuusamo Ouluntie Luomantie 1 93600 Kuusamo"
"60.053440"	"23.648240"	"Shell Raasepori Karjaa Lepinpellonkatu 1 10320 Karjaa"
"60.274570"	"24.132290"	"Shell Lohja Mäntynummi Mäntynummentie 46 08500 Lohja"
"61.801140"	"22.391930"	"Shell Kankaanpää Tapalankatu 3 38700 Kankaanpää"
"60.848550"	"23.056610"	"Shell Loimaa Asemakatu 9 32200 Loimaa"
"60.874270"	"21.699760"	"Shell Laitila Eurantie 1 23800 Laitila"
"60.486390"	"22.321730"	"Shell Turku Oriketo Vanha-Tampereentie 203 20380 Turku"
"60.456720"	"22.269310"	"Shell Turku SataShell Aninkaistenkatu 15 20100 Turku"
"60.407330"	"22.372540"	"Shell Kaarina Kuskinkatu 2 20780 Kaarina"
"60.640540"	"22.549790"	"Shell Aura Valtatie 36 B 21380 Aura"
"60.102330"	"19.944180"	"Shell Maarianhamina Servicegatan 2 22100 Mariehamn"
"61.122790"	"21.505230"	"Shell Rauma Nortamonkatu Nortamonkatu 36 26100 Rauma"
"60.229590"	"19.986840"	"Shell Finström Godby Godbyvägen 1419 22410 Godby"
"60.425060"	"23.045280"	"Shell Salo Halikko Vaskiontie 420 24800 Halikko"
"60.714120"	"24.478010"	"Shell Loppi Jokiniemi Lopen Kantatie 214 12640 Jokiniemi"
"61.476270"	"23.772010"	"Shell Tampere Lahdenperänkatu Lahdenperänkatu 7 33820 Tampere"
"61.282180"	"24.003880"	"Shell Valkeakoski Lempääläntie 194 37630 Valkeakoski"
"62.005290"	"23.011930"	"Shell Parkano Pahkalantie 2 39700 Parkano"
"61.457540"	"23.847880"	"Shell Tampere Hervanta Tieteenkatu 2 33720 Tampere"
"61.560730"	"23.539110"	"Shell Ylöjärvi Vanha Vaasantie 1 33470 Ylöjärvi"
"61.536690"	"23.993880"	"Shell Kangasala Ruutana Ruutanantie 1049 36110 Ruutana"
"61.168266"	"22.683083"	"Shell Huittinen Mommola Loimijoentie 74 32700 Huittinen"
"61.489050"	"23.855583"	"Shell Tampere Sammonvaltatie Sammonvaltatie 40 33560 Tampere"
"61.474160"	"21.811130"	"Shell Pori Koivula Palokunnan Puistokatu 2 28130 Pori"
"61.485800"	"21.753190"	"Shell Pori Tikkula Kalevanpuisto 78 28120 Pori"
"61.489550"	"21.783450"	"Shell Pori Karjaranta Karjarannantie 1 28100 Pori"
"62.975120"	"23.021980"	"Shell Lapua Keskusta Latojantie 11 62100 Lapua"
"62.959360"	"23.050390"	"Shell Lapua Tamppari Vasunmäentie 10 62100 Lapua"
"61.358560"	"23.091370"	"Shell Sastamala Vammala Stormi Pirkanmaantie 1057 38220 Stormi"
"61.455420"	"23.483270"	"Shell Nokia Sorvantie 25 37120 Nokia"
"61.668750"	"23.177030"	"Shell Hämeenkyrö Kyröskoski Valtakatu 46 39200 Kyröskoski"
"62.548180"	"24.075290"	"Shell Ähtäri Ostolantie 63700 Ähtäri"
"63.091490"	"21.623710"	"Shell Vaasa Pitkäkatu Pitkäkatu 62 65100 Vaasa"
"61.097400"	"24.162500"	"Shell Hämeenlinna Iittala Aropaltiontie 14500 Iittala"
"61.331610"	"22.919840"	"Shell Sastamala Vammala Pesurinkatu Pesurinkatu 3 38200 Vammala"
"60.222460"	"24.672240"	"Shell Espoo Bemböle Bellinmäki 02740 Espoo"
"60.213340"	"24.942310"	"Shell Helsinki Käpylä Vaakalinnuntie 1-3 00610 Helsinki"
"60.191400"	"24.911120"	"Shell Helsinki Tullinpuomi Topeliuksenkatu 45 00270 Helsinki"
"60.263720"	"24.873810"	"Shell Vantaa Kaivoksela Kaivokselantie 1 01610 Vantaa"
"60.166250"	"24.773010"	"Shell Espoo Haukilahti Ahventie 2 02170 Espoo"
"60.307970"	"24.998020"	"Shell Vantaa Ruskeasanta Tuusulantie 10 01390 Vantaa"
"60.220460"	"24.809870"	"Shell Espoo Leppävaara Vanhamaantie 2 02650 Espoo"
"60.167510"	"24.734600"	"Shell Espoo Olari Komeetankatu 1 02210 Espoo"
"60.673320"	"25.353180"	"Shell Mäntsälä P Pohjoinen pikatie 1 04600 Mäntsälä"
"60.254930"	"24.827380"	"Shell Vantaa Rajatorppa Torpantie 4 01650 Vantaa"
"60.156010"	"24.882910"	"Shell Helsinki Lauttasaari Heikkiläntie 12 00210 Helsinki"
"60.161280"	"24.705940"	"Shell Espoo Suomenoja Finnoonristi 1 02270 Espoo"
"60.394600"	"25.022430"	"Shell Tuusula Hyrylä Kievarinportti 1 04300 Tuusula"
"60.527670"	"24.750390"	"Shell Nurmijärvi Rajamäki Kiljavantie 3 05200 Rajamäki"
"60.999380"	"25.673890"	"Shell Lahti Kivistönmäki Lahdenkatu 71 15210 Lahti"
"60.984330"	"25.648100"	"Shell Lahti Keskusta Jalkarannantie 4 15110 Lahti"
"61.868830"	"28.923050"	"Shell Savonlinna Miekkoniemi Miekkoniemenkatu 2 57200 Savonlinna"
"62.606770"	"29.771030"	"Shell Joensuu Rauhankatu Rauhankatu 2 80100 Joensuu"
"61.172100"	"28.754100"	"Shell Imatra Lappeentie Lappeentie 47 55100 Imatra"
"60.459060"	"26.232260"	"Shell Loviisa Mannerheiminkatu 24 07900 Loviisa"
"60.508110"	"26.912730"	"Shell Kotka Karhula Kyminlinnantie 48600 Karhula"
"60.560970"	"26.056010"	"Shell Liljendal Valtatie 6 07880 Liljendal"
"60.494350"	"26.739480"	"Shell Pyhtää Siltakylä Motellikuja 4 49220 Siltakylä"
"62.614430"	"29.544380"	"Shell Liperi Ylämylly Ylämyllyntie 77 80400 Ylämylly"
"60.928810"	"27.628810"	"Shell Luumäki Pitkä-Shell Sivuintie 5 54510 Uro"
"60.392520"	"25.609520"	"Shell Porvoo Kuninkaanportti Harabackankatu 1 06100 Porvoo"
"64.216600"	"27.731890"	"Shell Kajaani Sotkamontie Sotkamontie  18 87100 Kajaani"
"64.118820"	"29.499960"	"Shell Kuhmo Kainuuntie 122 88900 Kuhmo"
"64.319533"	"28.044733"	"Shell Paltamo Kontiomäki Viitostie 2 88470 Kontiomäki"
"62.933730"	"27.665670"	"Shell Kuopio Päiväranta Lakeissuontie 1 70420 Kuopio"
"62.897420"	"27.683230"	"Shell Kuopio Linja-autoasema Pohjolankatu 1 70300 Kuopio"
"63.059290"	"27.673100"	"Shell Siilinjärvi Golftie 11 71800 Siilinjärvi"
"62.809990"	"28.491170"	"Shell Tuusniemi Jokitie 3 71200 Tuusniemi"
"60.868380"	"26.598970"	"Shell Kouvola Kuusankoski Keltti Valtatie 6 45740 Kuusankoski"
"63.200250"	"28.090110"	"Shell Nilsiä Pisantie Pisantie 7 73300 Nilsiä"
"63.141810"	"27.859570"	"Shell Nilsiä Pajulahti Sänkimäentie 1194 73360 Pajulahti"
"62.861200"	"27.628300"	"Shell Kuopio Levänen Rauhanlahdentie 1 70780 Kuopio"
"61.048540"	"28.183100"	"Shell Lappeenranta Automaatti Simolantie Simolantie 2 53100 Lappeenranta"
"61.756380"	"29.393880"	"Shell Punkaharju Oikotie 5 58500 Punkaharju"
"61.045260"	"28.113200"	"Shell Lappeenranta Automaatti Merenlahdentie Merenlahdentie 2 53850 Lappeenranta"
"60.484480"	"25.366830"	"Shell Pornainen Kirkkotie 266 07170 Pornainen"
"60.101660"	"23.551980"	"Shell Raasepori Pohjankuru Valter Bergmanintie 1 10420 Pohjankuru"
"60.187820"	"23.997480"	"Shell Lohja Virkkala Virkkalantie 5 08700 Virkkala"
"60.537660"	"24.234890"	"Shell Karkkila Porintie 875 03600 Karkkila"
"60.422967"	"22.524433"	"Shell Kaarina Piikkiö Hepojoentie 1 21500 Piikkiö"
"61.100970"	"21.505750"	"Shell Rauma Automaatti Kortela Ottilantie 34 26840 Kortela"
"61.701380"	"22.017510"	"Shell Pomarkku Tehtaantie 4 29630 Pomarkku"
"60.858220"	"22.693720"	"Shell Oripää Yläneentie 50 32500 Oripää"
"60.503150"	"22.460130"	"Shell Lieto Ajurintie 2 21420 Lieto"
"62.624280"	"22.403870"	"Shell Kurikka Keskuspuistikko 39 61300 Kurikka"
"62.693940"	"22.450390"	"Shell Ilmajoki Koskenkorva Vaasantie 316 61330 Koskenkorva"
"62.998880"	"23.797850"	"Shell Alajärvi Hirsikankaantie 16 62900 Alajärvi"
"60.630130"	"21.894160"	"Shell Mynämäki Mietoinen Saarentie 428 23120 Mietoinen"
"63.674190"	"22.687410"	"Shell Pietarsaari Raatihuoneenkatu Raatihuoneenkatu 41 68620 Pietarsaari"
"64.463040"	"24.258070"	"Shell Pyhäjoki Vanhatie 54 86100 Pyhäjoki"
"64.177820"	"25.967170"	"Shell Siikalatva Piippola Pihkalantie 1 92620 Piippola"
"63.851110"	"23.204280"	"Shell Kokkola Vitsari Pohjanlahdentie 137 67410 Kokkola"
"62.491233"	"21.746916"	"Shell Teuva Automaatti Vaasantie 1-5 64700 Teuva"
"60.625490"	"23.518560"	"Shell Somero Joensuuntie 3 31400 Somero"
"60.819830"	"23.631160"	"Shell Forssa Sortohaankatu 1 30100 Forssa"
"64.686480"	"24.507960"	"Shell Raahe Ouluntie Ouluntie 92130 Raahe"
"63.100070"	"23.051310"	"Shell Kauhava Kauppatie 97 62200 Kauhava"
"60.316960"	"24.714870"	"Shell Espoo Lahnus Lahnuksentie 2 02970 Espoo"
"60.173980"	"24.961190"	"Shell Helsinki Kruununhaka Liisanpuistikko 00170 Helsinki"
"60.212920"	"24.886820"	"Shell Helsinki Etelä-Haaga Vihdintie 21 00320 Helsinki"
"60.473480"	"25.086330"	"Shell Järvenpää Mannilantie 53 04400 Järvenpää"
"60.283260"	"25.030160"	"Shell Helsinki Ala-Tikkurila Härkävaljakontie 30 00750 Helsinki"
"60.241050"	"24.843700"	"Shell Helsinki Konala Ristipellontie 18 00390 Helsinki"
"60.209890"	"25.088430"	"Shell Helsinki Itäkeskus Visbynkatu 1 00930 Helsinki"
"60.279580"	"25.102290"	"Shell Vantaa Hakunila Ponikuja 2 01200 Vantaa"
"60.343940"	"25.098960"	"Shell Vantaa Mikkola Venuksenkuja 4 01480 Vantaa"
"60.262220"	"25.093520"	"Shell Vantaa Vaarala Kuussillantie 19 01230 Vantaa"
"60.211170"	"24.932060"	"Shell Helsinki Pasila Veturitie 17 00240 Helsinki"
"60.228240"	"25.064570"	"Shell Helsinki Myllypuro Myllyrengintie 2 00920 Helsinki"
"60.227410"	"24.825070"	"Shell Espoo Vallikallio Vallikallionkatu 9 02650 Espoo"
"60.189480"	"24.948620"	"Shell Helsinki Alppila Itäinen-Brahenkatu 2 00510 Helsinki"
"61.564190"	"26.006660"	"Shell Hartola Kuninkaanportti Keskustie 2 19600 Hartola"
"60.193210"	"25.036810"	"Shell Helsinki Herttoniemi Laivalahdenkatu 1 A 00810 Helsinki"
"61.851520"	"25.173760"	"Shell Jämsä Kauhkialantie 116 42100 Jämsä"
"62.250680"	"26.177290"	"Shell Laukaa Lievestuore Liepeentie 2 A 41400 Lievestuore"
"62.138090"	"25.671190"	"Shell Muurame Muuramentie 40950 Muurame"
"62.515290"	"25.690020"	"Shell Äänekoski Hirvaskangas Suonenjoentie 9 41290 Kangashäkki"
"62.603430"	"25.720240"	"Shell Äänekoski Torikatu Torikatu 9 44100 Äänekoski"
"62.243030"	"25.756370"	"Shell Jyväskylä Veturi Hannikaisenkatu 24 40100 Jyväskylä"
"63.079290"	"25.865250"	"Shell Viitasaari Ukontie 24 44500 Viitasaari"
"61.898320"	"27.801840"	"Shell Juva Kylmäpurontie 4 51900 Juva"
"61.674880"	"27.273770"	"Shell Mikkeli Ristiinantie Ristiinantie 33 50100 Mikkeli"
"62.003560"	"26.656730"	"Shell Kangasniemi Pieksämäentie 2 Lapaskangas 51200 Kangasniemi"
"62.235230"	"25.758990"	"Shell Jyväskylä Veneasema Lutakko Lutakon vierasvenesatama 40100 Jyväskylä"
"60.240920"	"24.995700"	"Shell Helsinki Pukinmäki Ratavallintie 1 00720 Helsinki"
"62.786690"	"22.853240"	"Shell Seinäjoki Ruukintie Ruukintie 20 60100 Seinäjoki"
"63.043283"	"24.561850"	"Shell Kyyjärvi Honkalehdontie 2 43700 Kyyjärvi"
"64.928360"	"25.512390"	"Shell Kempele Sohjanantie Sohjanantie 1 90440 Kempele"
"65.100550"	"25.691100"	"Shell Kiiminki Jääli Ouluntie 506 90940 Jääli"
"68.654230"	"27.540150"	"Shell Ivalo Ivalontie 16 99800 Ivalo"
"64.913880"	"25.763840"	"Shell Oulu Pikkarala Vasankankaantie 200 90310 Oulu"
"66.497820"	"25.717790"	"Shell Rovaniemi Erottaja Hallituskatu 22 96100 Rovaniemi"
"66.544090"	"25.843150"	"Shell Rovaniemi Napapiiri Sodankyläntie 715 96930 Rovaniemi"
"65.567440"	"28.224480"	"Shell Taivalkoski Taivalvaarantie 1 93400 Taivalkoski"
"65.089150"	"25.409150"	"Shell Oulu Pateniemi Kaijantie 1 90800 Oulu"
"65.025080"	"25.544120"	"Shell Oulu Haapalehto Parkkisenkankaantie 5 90650 Oulu"
"65.308710"	"25.375440"	"Shell Ii Leipojantie 1 91100 Ii"
"63.368650"	"25.587330"	"Shell Pihtipudas Putaanportintie 11 44800 Pihtipudas"
"63.842130"	"23.137160"	"Shell Kokkola Hakalahti Kaarlelankatu 50 67100 Kokkola"
"64.070060"	"24.529210"	"Shell Ylivieska Päivärinnankatu 8 84100 Ylivieska"
"64.255450"	"23.935820"	"Shell Kalajoki Kokkolantie 1 85100 Kalajoki"
"64.903610"	"25.538360"	"Shell Kempele Zeppelin Zeppeliinintie 1-2 90450 Kempele 2"
"67.946640"	"23.677170"	"Shell Muonio Torniontie 110 99300 Muonio"
"66.489180"	"25.655300"	"Shell Rovaniemi Teollisuustie Teollisuustie 25 96300 Rovaniemi"
"64.869060"	"27.666840"	"Shell Puolanka Ouluntie 18 89200 Puolanka"
"64.939160"	"25.430680"	"Shell Oulunsalo Tetriläntie 2 90460 Oulunsalo"
"67.654490"	"24.911840"	"Shell Kittilä Valtatie 26 99100 Kittilä"
"67.409360"	"26.576280"	"Shell Sodankylä Rovaniementie 1 99600 Sodankylä"
"66.169290"	"25.172510"	"Shell Tervola Koivu Rieskapaikka Nelostie 3312 95355 Koivu"
"66.515690"	"25.783660"	"Shell Rovaniemi Automaatti Saarenkylä Napapiirintie 1 96900 Rovaniemi"
"66.776160"	"23.965390"	"Shell Pello Pellontie 31 95700 Pello"
"65.932210"	"26.504820"	"Shell Ranua Keskustie 37 97700 Ranua"
"61.000210"	"25.742850"	"Shell Lahti Express Ahtiala Ahtialan Selkätie 28 15320 Lahti"
"59.823620"	"22.962920"	"Shell Hanko Express Nycanderinkatu 9 10900 Hanko"
"60.729400"	"24.765630"	"Shell Riihimäki Express Kaarlonkatu Kaarlonkatu 1 11110 Riihimäki"
"60.403000"	"25.687450"	"Shell Porvoo Express Teollisuustie Teollisuustie 17 06150 Porvoo"
"60.219030"	"25.106850"	"Shell Helsinki Express Vartiokylä Vehkalandentie 39 00950 Helsinki"
"60.188030"	"24.588430"	"Shell Espoo Express Kauklahti Räävelintie 1 02780 Espoo"
"60.330920"	"25.072910"	"Shell Vantaa Express Rekola Rekolantie 60 01400 Vantaa"
"60.628140"	"24.863900"	"Shell Hyvinkää Express Sillankorvankatu Sillankorvankatu 1 05800 Hyvinkää"
"60.206480"	"24.741530"	"Shell Espoo Express Sepänkylä Palomiehentie 2 02700 Espoo"
"60.364890"	"24.783530"	"Shell Nurmijärvi Express Klaukkala Metsäkyläntie 2 01800 Klaukkala"
"60.969370"	"25.629720"	"Shell Lahti Express Hennala Helsingintie 120 15700 Lahti"
"60.993460"	"24.463380"	"Shell Hämeenlinna Express Hämeensaarentie Hämeensaarentie 2 13100 Hämeenlinna"
"61.208020"	"26.043440"	"Shell Heinola Express Siltakatu Siltakatu 45 18100 Heinola"
"60.463600"	"22.269980"	"Shell Turku Express Turku Raunistula Tampereentie 24 20300 Turku"
"61.169520"	"23.869170"	"Shell Akaa Express Toijala Hämeentie 48 37800 Toijala"
"60.440900"	"22.256930"	"Shell Turku Express Martinmäki Martinkatu 9 20810 Turku"
"60.803510"	"21.422570"	"Shell Uusikaupunki Express Vakka-Suomenkatu 20 23500 Uusikaupunki"
"60.435690"	"22.263320"	"Shell Turku Express Mäntymäki Askaistentie 20 20810 Turku"
"62.982820"	"22.000850"	"Shell Laihia Express Faaringintie 6A 66400 Laihia"
"62.794190"	"22.838080"	"Shell Seinäjoki Express Valtionkatu Valtionkatu 7 60100 Seinäjoki"
"62.801430"	"22.868390"	"Shell Seinäjoki Express Pohjankaari Pohjankaari 2 60120 Seinäjoki"
"63.100500"	"21.636160"	"Shell Vaasa Express Meijerikatu Meijerikatu 15 65100 Vaasa"
"63.079370"	"21.662550"	"Shell Vaasa Express Rantamaantie Rantamaantie 4 65350 Vaasa"
"60.161560"	"22.729240"	"Shell Kemiönsaari Express Kemiö Engelsby/Wuorionkuja 25700 Kemiö"
"60.477350"	"22.283830"	"Shell Turku Express Kärsämäentie Kärsämäentie 10 20360 Turku"
"62.240890"	"25.808950"	"Shell Jyväskylä Express Halssila Vaajakoskentie 80 40400 Jyväskylä"
"64.996070"	"25.553640"	"Shell Oulu Express Knuutilankangas Knuutilankankaantie 1 90240 Oulu"
"63.837020"	"23.118590"	"Shell Kokkola Express Torikatu Torikatu 46 67100 Kokkola"
"64.997680"	"25.463690"	"Shell Oulu Express Limingantulli Limingantie 4 90400 Oulu"
"63.676420"	"22.711400"	"Shell Pietarsaari Express Jaakonkatu Jaakonkatu 15 68600 Pietarsaari"
"65.844260"	"24.176390"	"Shell Tornio Express Teollisuuskatu Teollisuuskatu 4 95420 Tornio"
"63.562310"	"27.187810"	"Shell Iisalmi Express Pohjolankatu Pohjolankatu 13 74100 Iisalmi"
"62.315650"	"27.866130"	"Shell Varkaus Express Relanderinkatu Relanderinkatu 36 78200 Varkaus"
"62.302890"	"27.917510"	"Shell Varkaus Express Taipale Mäkikatu 1 78250 Varkaus"
"60.461030"	"26.938690"	"Shell Kotka Express Keskustori Puutarhakatu 16 a 48100 Kotka"
"60.480140"	"26.875390"	"Shell Kotka Express Ruonala Töyryläntie 1 48300 Kotka"
"60.868710"	"26.684510"	"Shell Kouvola Express Kappelikatu Kappelikatu 2 45130 Kouvola"
"61.513400"	"27.242320"	"Shell Ristiina Express Brahentie 2 52300 Ristiina"
"61.065990"	"28.256790"	"Shell Lappeenranta Express Lauritsala Yhteistyönkatu 53300 Lappeenranta"
"60.900520"	"26.630480"	"Shell Kouvola Express Kuusankoski Koukkutie 2 45700 Kuusankoski"
"60.520920"	"25.098270"	"Shell Tuusula Express Kellokoski Rajalinnantie 1 04500 Tuusula"
"62.212670"	"25.717350"	"Shell Jyväskylä Express Keljo Pumperinkatu 2 40500 Jyväskylä"
"61.516410"	"23.665800"	"Shell Tampere Express Lielahti Harjuntausta 11 33400 Tampere"
"60.984480"	"25.739330"	"Shell Lahti Express Kymijärvi Siivolankatu 2 15300 Lahti"
"61.703790"	"27.354200"	"Shell Mikkeli Express Visulahti Purolaaksontie 1 50180 Mikkeli"
"65.032070"	"25.469740"	"Shell Oulu Express Välivainio Oravitie 1 90530 Oulu"
"60.2502903"	"25.2371566"	"Shell Helsinki Karhusaari Karhusaarentie 34 00890 Helsinki"
"64.68565"	"24.46159"	"Shell Raahe Veneasema Iiläistentie, Terässatama 92100 Raahe"
"66.3788953"	"23.6966642"	"Shell Ylitornio Truck Aavasaksa Kilpisjärventie 650 95620 Aavasaksa"
"62.6121616"	"23.6140230"	"Shell Alavus Truck KTK Kuninkuja 2 63400 Alavus"
"60.2480503"	"24.5401076"	"Shell Espoo Truck Ämmässuo Nupurintie 28 02820 Espoo"
"60.7922920"	"23.5888586"	"Shell Forssa Truck Kiimassuo Kiimassuontie    30100 Forssa"
"60.5657465"	"27.1988916"	"Shell Hamina Truck Satama Hiirenkari 49460 Hamina"
"60.2242627"	"25.1700222"	"Shell Helsinki Truck Vuosaari Rahtarinkatu 4 00980 Helsinki"
"62.5089973"	"22.7261699"	"Shell Jalasjärvi Truck Seinäjoentie 5 61600 Jalasjärvi"
"62.2410952"	"25.8104783"	"Shell Jyväskylä Truck Halssila Vaajakoskentie 80 40400 Jyväskylä"
"62.9850845"	"25.2761988"	"Shell Kannonkoski Truck Teollisuustie 1 43300 Kannonkoski"
"63.1728604"	"26.3308053"	"Shell Keitele Truck Yrittäjäntie 4 72600 Keitele"
"67.9102348"	"25.4147426"	"Shell Kittälä Truck Kaivos Pokantie 541 99250 Kittilä"
"63.8323225"	"23.1190969"	"Shell Kokkola Truck Höyläämönkatu Höyläämönkatu 4 67100 Kokkola"
"60.5423842"	"26.9748239"	"Shell Kotka Truck Karhula Amiraali ABC Haminantie 1 48770 Kotka"
"60.4666227"	"26.9459998"	"Shell Kotka Truck Mills Stora Enso Oyj 48100 Kotka"
"60.4392074"	"26.8872564"	"Shell Kotka Truck Mussalo Kotolahdentie 26 48310 Kotka"
"60.4666227"	"26.9459998"	"Shell Kotka Truck Stora Enso Sunila Oy Sunila, Sunila Oy 48900 Kotka"
"60.871850"	"26.749533"	"Shell Kouvola Truck Somerotie Somerotie 1 (Mäkikatu) 45200 Kouvola"
"62.2376795"	"21.5090192"	"Shell Kristiinankaupunki Truck Lillsundintie (ent. Lappfjärd) Lillsundintie 64300 Kristiinankaupunki"
"60.9843382"	"25.7398538"	"Shell Lahti Truck Kymijärvi Siivolankatu 15300 Lahti"
"62.9995081"	"21.7646078"	"Shell Mustasaari Truck Vikby Porintie 65480 Mustasaari"
"60.4699956"	"22.0619308"	"Shell Naantali Truck Satama Patenttikatu 10 21100 Naantali"
"60.4830694"	"24.7924005"	"Shell Nurmijärvi Truck Korsisaari Alhonniituntie 1 01900 Nurmijärvi"
"62.4777319"	"21.3757247"	"Shell Närpiö Truck Terminalvägen 64200 Närpiö"
"64.9864730"	"25.4389983"	"Shell Oulu Truck Oritkari Terminaalitie 1 90400 Oulu"
"63.6745500"	"22.7036664"	"Shell Pietarsaari Truck Kållbyntie Kållbyntie 68600 Pietarsaari"
"61.5511687"	"21.8099995"	"Shell Noormarkku Truck Söörmarkku Vaasantie 994 29570 Pori"
"61.2396992"	"21.4916502"	"Shell Rauma Truck Satama Satama 26100 Rauma"
"60.3865133"	"23.1006574"	"Shell Salo Truck Myllyojankatu Myllyojankatu 26 24100 Salo"
"62.8014720"	"22.8690948"	"Shell Seinäjoki Truck Pohjankaari Pohjankaari 2 60120 Seinäjoki"
"63.0973419"	"27.7324330"	"Shell Siilinjärvi Truck Kemphos Nilsiäntie 501 71800 Siilinjärvi"
"63.9846924"	"28.0168049"	"Shell Sotkamo Truck Talvivaara Talvivaarantie 66 88120 Sotkamo"
"63.9760236"	"28.0148389"	"Shell Sotkamo Truck Talvivaara, Tehdas Lahnasjärventie 72 88120 Sotkamo"
"60.4478180"	"22.2125375"	"Shell Turku Truck Satama Pansiontie 14 20240 Turku"
"63.5244350"	"22.5455032"	"Shell Uusikaarlepyy Truck Myllytie Kvarnvägen 66900 Uusikaarlepyy"
"63.0517861"	"21.7208449"	"Shell Vaasa Truck Kiitokaari Kiitokaari 4-6 65380 Vaasa"
"62.3142896"	"27.8924686"	"Shell Varkaus Truck Stora Enso Kuorimo Stora Enso Oyj Tehdas 78250 Varkaus"
"62.3142896"	"27.8924686"	"Shell Varkaus Truck Stora Enso Finep Stora Enso Oyj Finep Kuorimo 78250 Varkaus"
"62.3031967"	"27.9174996"	"Shell Varkaus Truck Mäkikatu Mäkikatu 1 78250 Varkaus"
"61.1039824"	"25.9365548"	"Shell Heinola Truck Vierumäki Teollisuustie Teollisuustie 60 19110 Vierumäki"
"62.5734568"	"25.8405106"	"Shell Äänekoski Truck Suolahti Vaneritehtaankatu 1 44100 Äänekoski"
